Year,Month,low_sss,low_sst,low_sla,low_uwind,low_vwind,low_ucurr,low_vcurr,low_evap,low_ppt,low_runoff,low_wind_mag,low_curr_mag,low_E_minus_P,month_sin,month_cos,low_sss_lag1,low_sss_lag2,low_sst_lag1,low_sst_lag2,low_sst_x_windmag,low_sss_is_outlier,low_sst_is_outlier,low_sla_is_outlier,low_uwind_is_outlier,low_vwind_is_outlier,low_ucurr_is_outlier,low_vcurr_is_outlier,low_evap_is_outlier,low_ppt_is_outlier,low_runoff_is_outlier,low_wind_mag_is_outlier,low_curr_mag_is_outlier,low_E_minus_P_is_outlier,low_sss_lag1_is_outlier,low_sss_lag2_is_outlier,low_sst_lag1_is_outlier,low_sst_lag2_is_outlier,low_sst_x_windmag_is_outlier
2011,1,37.14551349813799,25.146059277605826,0.0398112426035502,-6.508739589234076,2.0022757220903094,-0.0517026939458274,-0.0156258170402492,-0.1529649079463185,0.016847576615373,0.0,6.809757639427063,0.05401235709938273,-0.1698124845616915,0.49999999999999994,0.8660254037844387,,,,,171.23856926716203,0,0,0,0,0,0,0,0,0,0,0,0,0,0,0,0,0,0
2011,2,37.03058334951496,26.187894596396266,0.048994674556213,-6.047776320276881,2.215007645667657,-0.0638211719392448,-0.0158600501196314,-0.1327184135391867,0.0172559072280071,0.0,6.440641062073554,0.06576232338882096,-0.1499743207671938,0.8660254037844386,0.5000000000000001,37.14551349813799,,25.146059277605826,,168.66682926680392,0,0,0,0,0,0,0,0,0,0,0,0,0,0,0,0,0,0
2011,3,36.95368020642273,27.078675668842536,0.0614173076923077,-5.36956346599308,0.906579894956047,-0.049748496784823,-0.0149278578642251,-0.1405216607777677,0.0276266809045915,0.0,5.445557723618962,0.051939906360755524,-0.1681483416823592,1.0,6.123233995736766e-17,37.03058334951496,37.14551349813799,26.187894596396266,25.146059277605826,147.45849143383833,0,0,0,0,0,0,0,0,0,0,0,0,0,0,0,0,0,0
2011,4,37.02364654453632,26.32115276473358,0.0500721893491124,-7.93584803928285,2.425761215080171,-0.0775309523502805,-0.0255207350135218,-0.1867084670260813,0.0311126934706106,0.0,8.298313176494165,0.08162325947897366,-0.2178211604966919,0.8660254037844387,-0.4999999999999998,36.95368020642273,37.03058334951496,27.078675668842536,26.187894596396266,218.42116880810448,0,0,0,0,0,0,0,0,0,0,0,0,0,0,0,0,0,0
2011,5,36.97464129311303,25.782413052273217,0.03245724852071,-6.922320557063853,1.1560796752748406,-0.0582381054492441,-0.035680482310061,-0.1773827039807506,0.0238470495099852,0.0,7.018193650102026,0.06829914892731719,-0.2012297534907358,0.49999999999999994,-0.8660254037844387,37.02364654453632,36.95368020642273,26.32115276473358,27.078675668842536,180.94596756777148,0,0,0,0,0,0,0,0,0,0,0,0,0,0,0,0,0,0
2011,6,36.975733273217,24.964324392694188,0.0550346153846153,-7.166839397870577,1.602748895537924,-0.0489179591604194,-0.041690884571324,-0.1948013668053249,0.0241856321075258,0.0,7.3438675762174475,0.06427360721758132,-0.2189869989128507,1.2246467991473532e-16,-1.0,36.97464129311303,37.02364654453632,25.782413052273217,26.32115276473358,183.33469246968116,0,0,0,0,0,0,0,0,0,0,0,0,0,0,0,0,0,0
2011,7,37.00029938208736,24.70356549097028,0.0320739644970414,-6.353235998097256,2.681361474581724,-0.0470423756825831,-0.019015894562773,-0.1887219179664137,0.0238344542373566,0.0,6.8958905882336845,0.05074041146742688,-0.2125563722037703,-0.4999999999999997,-0.8660254037844388,36.975733273217,36.97464129311303,24.964324392694188,25.782413052273217,170.3530847649964,0,0,0,0,0,0,0,0,0,0,0,0,0,0,0,0,0,0
2011,8,37.04466291237056,23.37470361954648,0.0271047337278106,-7.346164755567291,2.281914695656511,-0.052197466025607,-0.029868855132837,-0.1965987152866357,0.0149009072568995,0.0,7.692416479507086,0.06013920490363005,-0.2114996225435352,-0.8660254037844385,-0.5000000000000004,37.00029938208736,36.975733273217,24.70356549097028,24.964324392694188,179.8079553265933,0,0,0,0,0,0,0,0,0,0,0,0,0,0,0,0,0,0
2011,9,36.97073511280497,23.35235697310317,0.0251275147928994,-6.331993136180223,2.82897706656061,-0.0671571134121195,-0.0261462575493562,-0.1594891037637665,0.0110330525234606,0.0,6.935217972043801,0.07206736200032264,-0.17052215628722708,-1.0,-1.8369701987210297e-16,37.04466291237056,37.00029938208736,23.37470361954648,24.70356549097028,161.95368576944747,0,0,0,0,0,0,0,0,0,0,0,0,0,0,0,0,0,0
2011,10,36.90059209130533,23.393673842447527,0.03465724852071,-7.803637086992433,1.8978543610438792,-0.0809545748255397,-0.0362838873929966,-0.1792433739766566,0.0167097283538276,0.0,8.031102225797964,0.08871394292630422,-0.19595310233048419,-0.8660254037844386,0.5000000000000001,36.97073511280497,37.04466291237056,23.35235697310317,23.37470361954648,187.87698606567193,0,0,0,0,0,0,0,0,0,0,0,0,0,0,0,0,0,0
2011,11,36.86024938580898,23.245357468591443,0.0542389053254437,-8.135502627615393,1.5204687357477888,-0.0819773177544658,-0.032668837490095,-0.1640360484990848,0.018182224070532,0.0,8.276365638390045,0.0882470031738806,-0.18221827256961678,-0.5000000000000004,0.8660254037844384,36.90059209130533,36.97073511280497,23.393673842447527,23.35235697310317,192.38707780514363,0,0,0,0,0,0,0,0,0,0,0,0,0,0,0,0,0,0
2011,12,36.97810841531359,23.614106649125738,0.0367025147928994,-7.693737427863849,1.557859188706212,-0.0756201624860656,-0.0301532786816204,-0.1682508504734589,0.0155936472514677,0.0,7.8498739391629355,0.08141025236215907,-0.1838444977249266,-2.4492935982947064e-16,1.0,36.86024938580898,36.90059209130533,23.245357468591443,23.393673842447527,185.36776038158632,0,0,0,0,0,0,0,0,0,0,0,0,0,0,0,0,0,0
2012,1,36.99624022996291,24.202934179388738,0.0343099112426035,-6.71525961478081,2.075911849560822,-0.0800017145677254,-0.0176443215109564,-0.1428307824762615,0.0155121278480665,0.0,7.028806563069804,0.08192433347521239,-0.15834291032432798,0.49999999999999994,0.8660254037844387,36.97810841531359,36.86024938580898,23.614106649125738,23.245357468591443,170.11774260563402,0,0,0,0,0,0,0,0,0,0,0,0,0,0,0,0,0,0
2012,2,37.03353793096861,24.634948949468,0.0322680473372781,-6.771242670758942,2.622378849418911,-0.1036004977550126,-0.0181403403898777,-0.1448397350954939,0.0141385546802769,0.0,7.2613082937020605,0.10517668508061565,-0.15897828977577078,0.8660254037844386,0.5000000000000001,36.99624022996291,36.97810841531359,24.202934179388738,23.614106649125738,178.88195912169886,0,0,0,0,0,1,0,0,0,0,0,1,0,0,0,0,0,0
2012,3,37.06564142324527,25.394273625942127,0.0588903846153846,-6.706282859723244,2.180205773848754,-0.0896273228565793,-0.0215618859732591,-0.1481506622357834,0.0154942845451761,0.0,7.051774741931368,0.09218444515839606,-0.1636449467809595,1.0,6.123233995736766e-17,37.03353793096861,36.99624022996291,24.634948949468,24.202934179388738,179.07469734511258,0,0,0,0,0,0,0,0,0,0,0,0,0,0,0,0,0,0
2012,4,37.08180084066127,25.43371984571323,0.0563881656804733,-6.493307202525393,1.492521557494028,-0.0636176742701488,-0.0188400420453606,-0.1619003832163895,0.0208323100614829,0.0,6.662631539110694,0.06634874274478536,-0.1827326932778724,0.8660254037844387,-0.4999999999999998,37.06564142324527,37.03353793096861,25.394273625942127,24.634948949468,169.45550400095456,0,0,0,0,0,0,0,0,0,0,0,0,0,0,0,0,0,0
2012,5,37.155290299782045,25.69215107681411,0.0494575443786982,-6.441614940321657,1.172660451139924,-0.0490730922419809,-0.020232457091318,-0.1731673815238052,0.0204603206476516,0.0,6.5474831479770055,0.053080323116405294,-0.1936277021714568,0.49999999999999994,-0.8660254037844387,37.08180084066127,37.06564142324527,25.43371984571323,25.394273625942127,168.21892621071964,0,0,0,0,0,0,0,0,0,0,0,0,0,0,0,0,0,0
2012,6,37.09341750697685,24.028986149300827,0.037400147928994,-8.300371495929696,2.0839046015894627,-0.0552856127503148,-0.0407066763373168,-0.188258627109979,0.027619875394381,0.0,8.55796852991222,0.06865517078566506,-0.21587850250436,1.2246467991473532e-16,-1.0,37.155290299782045,37.08180084066127,25.69215107681411,25.43371984571323,205.6393072714131,0,0,0,0,0,0,0,0,0,0,0,0,0,0,0,0,0,0
2012,7,37.02940053354589,23.502394492813767,0.0314994082840236,-8.318268752662387,2.456082684048534,-0.0539575912686582,-0.0452594619420682,-0.2178607012569551,0.0215662555581719,0.0,8.673288718381427,0.07042613542429471,-0.23942695681512702,-0.4999999999999997,-0.8660254037844388,37.09341750697685,37.155290299782045,24.028986149300827,25.69215107681411,203.84305300947142,0,0,0,0,0,0,0,0,0,0,0,0,0,0,0,0,0,0
2012,8,36.99786988646904,22.77700225859808,0.0210124260355029,-8.150701259720256,3.3572405192273607,-0.0763027224711765,-0.0393535637561253,-0.209893231230551,0.0231193226470044,0.0,8.815043671425988,0.08585341249374309,-0.2330125538775554,-0.8660254037844385,-0.5000000000000004,37.02940053354589,37.09341750697685,23.502394492813767,24.028986149300827,200.78026961371046,0,0,0,0,0,0,0,0,0,0,0,0,0,0,0,0,0,0
2012,9,36.96048039307657,22.64362720590704,0.0173494082840236,-7.337890031775074,2.509269526371589,-0.0631358541724597,-0.0281363978912053,-0.1457363964449724,0.0146958390636556,0.0,7.755066967757345,0.06912158106104287,-0.160432235508628,-1.0,-1.8369701987210297e-16,36.99786988646904,37.02940053354589,22.77700225859808,23.502394492813767,175.60284537474124,0,0,0,0,0,0,0,0,0,0,0,0,0,0,0,0,0,0
2012,10,37.03656046069419,22.617460364855468,0.0288516272189349,-7.714987669470748,2.6423677521697164,-0.0744346976280212,-0.0358808383127928,-0.1524770174329803,0.0147662078135112,0.0,8.154945866024624,0.08263146355356248,-0.16724322524649152,-0.8660254037844386,0.5000000000000001,36.96048039307657,36.99786988646904,22.64362720590704,22.77700225859808,184.4441649023539,0,0,0,0,0,0,0,0,0,0,0,0,0,0,0,0,0,0
2012,11,37.00621870812856,22.87528844333256,0.029271597633136,-6.603238694061189,1.0597761478433496,-0.0541341429240119,-0.0185104091781757,-0.1209191332113813,0.0098957535783214,0.0,6.687741527173774,0.05721136843373735,-0.1308148867897027,-0.5000000000000004,0.8660254037844384,37.03656046069419,36.96048039307657,22.617460364855468,22.64362720590704,152.98401646855348,0,0,0,0,0,0,0,0,0,0,0,0,0,0,0,0,0,0
2012,12,36.98013842924204,24.00717115646909,0.0133940828402366,-5.826494666246267,1.5516722945595631,-0.0468279630656646,-0.0164252128737934,-0.148821715838634,0.0104703451754778,0.0,6.02957104655878,0.049625051564997656,-0.15929206101411178,-2.4492935982947064e-16,1.0,37.00621870812856,37.03656046069419,22.87528844333256,22.617460364855468,144.7529441148271,0,0,0,0,0,0,0,0,0,0,0,0,0,0,0,0,0,0
2013,1,36.94625246897242,24.66919061103619,0.021212573964497,-6.685991448763559,1.5903593186267029,-0.0580398041724651,-0.0178088312786066,-0.1478235555162444,0.0140727680815747,0.0,6.872534060685493,0.06071057024841699,-0.1618963235978191,0.49999999999999994,0.8660254037844387,36.98013842924204,37.00621870812856,24.00717115646909,22.87528844333256,169.53985272388897,0,0,0,0,0,0,0,0,0,0,0,0,0,0,0,0,0,0
2013,2,36.99369617164173,25.5590806839932,0.0310721893491124,-7.009632657970903,2.37888653955516,-0.0754108177511759,-0.018561794938514,-0.1594063826566617,0.0110995501456176,0.0,7.402300397023141,0.07766164861268728,-0.1705059328022793,0.8660254037844386,0.5000000000000001,36.94625246897242,36.98013842924204,24.66919061103619,24.00717115646909,189.19599309466938,0,0,0,0,0,0,0,0,0,0,0,0,0,0,0,0,0,0
2013,3,37.02571957854282,26.03996124273722,0.0395084319526627,-5.949944171679796,1.6919593284645025,-0.0570876358280829,-0.0130444364715445,-0.1421381415655979,0.0163045804176104,0.0,6.185835595558972,0.0585589915153939,-0.1584427219832083,1.0,6.123233995736766e-17,36.99369617164173,36.94625246897242,25.5590806839932,24.66919061103619,161.07891916229994,0,0,0,0,0,0,0,0,0,0,0,0,0,0,0,0,0,0
2013,4,37.17774771348316,26.47075384620236,0.0575134615384615,-4.594704011135553,0.3465726861030004,-0.038000679203876,-0.0206659892134812,-0.1310887174493462,0.012829910368609,0.0,4.607756241024235,0.04325661487134211,-0.1439186278179552,0.8660254037844387,-0.4999999999999998,37.02571957854282,36.99369617164173,26.03996124273722,25.5590806839932,121.9707812394552,0,0,0,0,0,0,0,0,0,0,0,0,0,0,0,0,0,1
2013,5,37.023893112343536,26.44493260226719,0.0686974852071005,-5.653793812503476,0.1442664605610144,-0.0382093364402469,-0.0309178523714617,-0.181953846989475,0.0258276561308189,0.0,5.655634118818631,0.04915146983018391,-0.2077815031202939,0.49999999999999994,-0.8660254037844387,37.17774771348316,37.02571957854282,26.47075384620236,26.03996124273722,149.5628630952415,0,0,0,0,0,0,0,0,0,0,0,0,0,0,0,0,0,0
2013,6,36.94516145353055,25.258352492631023,0.055575147928994,-7.82936553489527,1.6329768378530027,-0.0535063952735911,-0.0426961634722786,-0.2090779262093397,0.0250198996278661,0.0,7.997848337644963,0.06845360991522148,-0.23409782583720581,1.2246467991473532e-16,-1.0,37.023893112343536,37.17774771348316,26.44493260226719,26.47075384620236,202.01247249483953,0,0,0,0,0,0,0,0,0,0,0,0,0,0,0,0,0,0
2013,7,36.96912516068805,24.40067945078477,0.049971449704142,-8.113305917858373,2.0687985982767927,-0.0575347069799679,-0.0426914585522133,-0.217762897926322,0.0252913074380547,0.0,8.372912310360578,0.07164358408529066,-0.2430542053643767,-0.4999999999999997,-0.8660254037844388,36.94516145353055,37.023893112343536,25.258352492631023,26.44493260226719,204.3047493546382,0,0,0,0,0,0,0,0,0,0,0,0,0,0,0,0,0,0
2013,8,36.91870609200077,23.801138521257524,0.0474726331360946,-8.364538915058565,2.7056601072204183,-0.0637438181600362,-0.0435988983392891,-0.220303635427056,0.021795419546274,0.0,8.791251781022606,0.07722783364836429,-0.24209905497333,-0.8660254037844385,-0.5000000000000004,36.96912516068805,36.94516145353055,24.40067945078477,25.258352492631023,209.24180141537096,0,0,0,0,0,0,0,0,0,0,0,0,0,0,0,0,0,0
2013,9,36.98059689985334,23.34481703244329,0.0368038461538461,-7.923599090801893,2.052672117243152,-0.0551722455795953,-0.0315080372542253,-0.1903494024241464,0.0157220829168014,0.0,8.185162513515788,0.06353529014578294,-0.20607148534094782,-1.0,-1.8369701987210297e-16,36.91870609200077,36.96912516068805,23.801138521257524,24.40067945078477,191.08112125883972,0,0,0,0,0,0,0,0,0,0,0,0,0,0,0,0,0,0
2013,10,36.99931983963335,23.487684147656783,0.0383461538461538,-7.0036694806003,1.8292521060218472,-0.0581596539109206,-0.0222077128172923,-0.1571011634973379,0.0130126659686748,0.0,7.238615161816343,0.062255343960284974,-0.17011382946601272,-0.8660254037844386,0.5000000000000001,36.98059689985334,36.91870609200077,23.34481703244329,23.801138521257524,170.01830658718174,0,0,0,0,0,0,0,0,0,0,0,0,0,0,0,0,0,0
2013,11,36.89997134503955,23.40337570963539,0.0445181952662721,-7.290445277676779,1.8095381887706776,-0.0710136605586481,-0.023372710053189,-0.1695544660620435,0.0097061473236986,0.0,7.511658991422542,0.07476110995142686,-0.1792606133857421,-0.5000000000000004,0.8660254037844384,36.99931983963335,36.98059689985334,23.487684147656783,23.34481703244329,175.7981775789226,0,0,0,0,0,0,0,0,0,0,0,0,0,0,0,0,0,0
2013,12,36.904819172885205,23.96610893177133,0.0471726331360946,-6.188757715140574,1.2366128797538185,-0.0562458459822428,-0.0153610116606523,-0.1416343675606702,0.0117765799076599,0.0,6.311096059408778,0.058305710436430444,-0.1534109474683301,-2.4492935982947064e-16,1.0,36.89997134503955,36.99931983963335,23.40337570963539,23.487684147656783,151.25241563866356,0,0,0,0,0,0,0,0,0,0,0,0,0,0,0,0,0,0
2014,1,36.990334035440334,24.909165791776545,0.0375204142011834,-6.320278212163576,2.182751149997203,-0.0620051857718464,-0.0178412697422621,-0.1489897450575461,0.0196475756944283,0.0,6.686577544750657,0.06452095759222223,-0.1686373207519744,0.49999999999999994,0.8660254037844387,36.904819172885205,36.89997134503955,23.96610893177133,23.40337570963539,166.55706864176426,0,0,0,0,0,0,0,0,0,0,0,0,0,0,0,0,0,0
2014,2,36.92594629983903,25.96253006212671,0.0272979289940828,-6.157090957348164,1.7823127360033566,-0.0740586011162504,-0.0103768784323318,-0.1290397979098664,0.0212428527470876,0.0,6.409867997547087,0.07478205670677478,-0.15028265065695398,0.8660254037844386,0.5000000000000001,36.990334035440334,36.904819172885205,24.909165791776545,23.96610893177133,166.41639058058018,0,0,0,0,0,0,0,0,0,0,0,0,0,0,0,0,0,0
2014,3,36.96546128691961,26.276412373165044,0.0361621301775148,-6.637158726094037,2.238119878888836,-0.0697738513200317,-0.0120294767165158,-0.1696048005974504,0.0265490853574854,0.0,7.004359824255433,0.07080323889556948,-0.1961538859549358,1.0,6.123233995736766e-17,36.92594629983903,36.990334035440334,25.96253006212671,24.909165791776545,184.04944715216558,0,0,0,0,0,0,0,0,0,0,0,0,0,0,0,0,0,0
2014,4,37.1655190616222,26.417197141285044,0.0442772189349112,-5.158960181580492,0.657923297915255,-0.0423795766040087,-0.0061510060974996,-0.1368456995169792,0.0177600115713988,0.0,5.20074352579251,0.04282363119991716,-0.154605711088378,0.8660254037844387,-0.4999999999999998,36.96546128691961,36.92594629983903,26.276412373165044,25.96253006212671,137.3890670021226,0,0,0,0,0,0,0,0,0,0,0,0,0,0,0,0,0,0
2014,5,37.04029751536887,25.78392717707235,0.0520684911242603,-6.013255161646555,1.1594622502841894,-0.0378517500288817,-0.026383887009007,-0.1802490113754949,0.0206265082726111,0.0,6.124017500701889,0.04613961935206005,-0.200875519648106,0.49999999999999994,-0.8660254037844387,37.1655190616222,36.96546128691961,26.417197141285044,26.276412373165044,157.90122126921412,0,0,0,0,0,0,0,0,0,0,0,0,0,0,0,0,0,0
2014,6,36.9984584580928,25.255288883232048,0.0385659763313609,-8.338195211083226,2.387189567089081,-0.0507603047570432,-0.0482890886315227,-0.2318847620275599,0.0307846069335937,0.0,8.673187038646763,0.07006029274768238,-0.2626693689611536,1.2246467991473532e-16,-1.0,37.04029751536887,37.1655190616222,25.78392717707235,26.417197141285044,219.04384419932788,0,0,0,0,0,0,0,0,0,0,0,0,0,0,0,0,0,0
2014,7,36.88682736959444,24.38358697168601,0.0421198224852071,-7.728097688516922,2.37606484897038,-0.0561994437339092,-0.0442688317990795,-0.2147873734184623,0.0266264063366771,0.0,8.085120781396727,0.07154094593207458,-0.2414137797551394,-0.4999999999999997,-0.8660254037844388,36.9984584580928,37.04029751536887,25.255288883232048,25.78392717707235,197.14424574977303,0,0,0,0,0,0,0,0,0,0,0,0,0,0,0,0,0,0
2014,8,36.94824217077968,23.55141386564442,0.0369877218934911,-6.625921980869135,2.6279035316416497,-0.0451191137859958,-0.0252872546109126,-0.19901681971356,0.0176970577804294,0.0,7.128023503621423,0.05172213911460698,-0.2167138774939894,-0.8660254037844385,-0.5000000000000004,36.88682736959444,36.9984584580928,24.38358697168601,25.255288883232048,167.87503157782888,0,0,0,0,0,0,0,0,0,0,0,0,0,0,0,0,0,0
2014,9,36.98918933551736,23.736422053276044,0.0389087278106508,-6.692128650535493,2.5651192710949826,-0.0559441603657503,-0.028977433291881,-0.1653690085079542,0.0219377822424533,0.0,7.166897707534331,0.0630034976744482,-0.1873067907504075,-1.0,-1.8369701987210297e-16,36.94824217077968,36.88682736959444,23.55141386564442,24.38358697168601,170.11650879869143,0,0,0,0,0,0,0,0,0,0,0,0,0,0,0,0,0,0
2014,10,36.9649969468934,23.579967978386605,0.0513628698224852,-7.640714736379815,2.12426889753906,-0.0611372085001606,-0.0394619209695326,-0.1730466078107173,0.013255824704142,0.0,7.930513226253612,0.07276676074828223,-0.18630243251485928,-0.8660254037844386,0.5000000000000001,36.98918933551736,36.94824217077968,23.736422053276044,23.55141386564442,187.00124792723162,0,0,0,0,0,0,0,0,0,0,0,0,0,0,0,0,0,0
2014,11,36.90629476873172,23.67017353404675,0.0586591715976331,-7.332807432970352,1.374320151008798,-0.0589447218136718,-0.0298661737084201,-0.166242394882899,0.0104776077721951,0.0,7.460483947204369,0.06607925969373961,-0.17672000265509408,-0.5000000000000004,0.8660254037844384,36.9649969468934,36.98918933551736,23.579967978386605,23.736422053276044,176.59094967829748,0,0,0,0,0,0,0,0,0,0,0,0,0,0,0,0,0,0
2014,12,36.95347008949937,24.251903924428937,0.0405887573964497,-7.055836445481114,1.6954531074451975,-0.0696517733950718,-0.0284733252307763,-0.1639408646206531,0.0118892376239483,0.0,7.256678936326531,0.07524692543071772,-0.1758301022446014,-2.4492935982947064e-16,1.0,36.90629476873172,36.9649969468934,23.67017353404675,23.579967978386605,175.9882803742182,0,0,0,0,0,0,0,0,0,0,0,0,0,0,0,0,0,0
2015,1,37.0611579871729,24.95136897846445,0.0567903846153846,-5.919649294142187,1.750879528607137,-0.074871173707118,-0.0089426366433214,-0.1350106802829624,0.0121694824399327,0.0,6.173153723125129,0.07540333813841342,-0.1471801627228951,0.49999999999999994,0.8660254037844387,36.95347008949937,36.90629476873172,24.251903924428937,23.67017353404675,154.02863630647667,0,0,0,0,0,0,0,0,0,0,0,0,0,0,0,0,0,0
2015,2,37.095454717465,26.283753110737177,0.0613868343195266,-6.511435214584396,2.0672803475306583,-0.082154030255841,-0.0112827875646769,-0.1336008954859344,0.0177833286262828,0.0,6.831722812659792,0.08292518304174713,-0.1513842241122172,0.8660254037844386,0.5000000000000001,37.0611579871729,36.95347008949937,24.95136897846445,24.251903924428937,179.56331572894095,0,0,0,0,0,0,0,0,0,0,0,0,0,0,0,0,0,0
2015,3,37.10465371035407,26.66364752389122,0.0816102071005917,-5.905134871161196,1.667669647632266,-0.0706495439424317,-0.010257071066438,-0.1601179472264453,0.0159543618648009,0.0,6.136101360003588,0.0713902343891344,-0.1760723090912462,1.0,6.123233995736766e-17,37.095454717465,37.0611579871729,26.283753110737177,24.95136897846445,163.6108438340052,0,0,0,0,0,0,0,0,0,0,0,0,0,0,0,0,0,0
2015,4,37.12380216005663,26.552843587957245,0.0904020710059171,-5.484287065161756,-0.1668902476822417,-0.0457561672358641,-0.0140164349801265,-0.155288999205863,0.0157853978625416,0.0,5.48682576430781,0.04785485648989533,-0.1710743970684046,0.8660254037844387,-0.4999999999999998,37.10465371035407,37.095454717465,26.66364752389122,26.283753110737177,145.69082631403924,0,0,0,0,1,0,0,0,0,0,0,0,0,0,0,0,0,0
2015,5,37.02371174431245,25.937280389907293,0.0886900887573964,-6.654836926939925,0.9663441172806468,-0.0538083639095079,-0.0224377597735908,-0.19328520532984,0.0216645686584111,0.0,6.724631995668323,0.05829916886436205,-0.2149497739882511,0.49999999999999994,-0.8660254037844387,37.12380216005663,37.10465371035407,26.552843587957245,26.66364752389122,174.41866559059116,0,0,0,0,0,0,0,0,0,0,0,0,0,0,0,0,0,0
2015,6,36.98754331219975,25.016502892514104,0.0663053254437869,-8.640774258495082,1.914805803602264,-0.0723264151688158,-0.0379270560300313,-0.2241073451803986,0.0319957168849967,0.0,8.850393271023618,0.08166744706599467,-0.2561030620653953,1.2246467991473532e-16,-1.0,37.02371174431245,37.12380216005663,25.937280389907293,26.552843587957245,221.4058888644497,0,0,0,0,0,0,0,0,0,0,0,0,0,0,0,0,0,0
2015,7,36.9999592955122,24.296808485364544,0.0586202662721893,-8.61217298310184,3.0907286335025312,-0.0821349828052141,-0.040264281763877,-0.2312809621926242,0.0277820226003432,0.0,9.149979616197058,0.09147331734650108,-0.2590629847929674,-0.4999999999999997,-0.8660254037844388,36.98754331219975,37.02371174431245,25.016502892514104,25.937280389907293,222.31530237972927,0,0,0,0,0,0,0,0,0,0,0,0,0,0,0,0,0,0
2015,8,36.99091254362173,23.19088132932425,0.0529282544378698,-6.947128389714032,3.1481411866182407,-0.0663068475389092,-0.0342752903950615,-0.1890630180666432,0.0231805496667263,0.0,7.6271479462544045,0.07464176821467954,-0.2122435677333695,-0.8660254037844385,-0.5000000000000004,36.9999592955122,36.98754331219975,24.296808485364544,25.016502892514104,176.88028290278507,0,0,0,0,0,0,0,0,0,0,0,0,0,0,0,0,0,0
2015,9,37.04793850187767,23.13771102129338,0.050451923076923,-6.641059590514595,2.183742584561456,-0.0467037615096251,-0.0293619124323526,-0.1587324437393239,0.0128268631252311,0.0,6.9908800705199505,0.05516668596927933,-0.171559306864555,-1.0,-1.8369701987210297e-16,36.99091254362173,36.9999592955122,23.19088132932425,24.296808485364544,161.7529628562097,0,0,0,0,0,0,0,0,0,0,0,0,0,0,0,0,0,0
2015,10,37.07555494043312,23.413758304682325,0.0592582840236686,-6.480146508950454,1.4022777751529003,-0.0459422852028403,-0.0240607224482092,-0.1370009650096033,0.0110481533073109,0.0,6.630134367880527,0.05186146868715614,-0.1480491183169142,-0.8660254037844386,0.5000000000000001,37.04793850187767,36.99091254362173,23.13771102129338,23.19088132932425,155.23636361712238,0,0,0,0,0,0,0,0,0,0,0,0,0,0,0,0,0,0
2015,11,36.98313358440207,23.95071297550796,0.0619136094674556,-6.605593572706866,0.3334080290390983,-0.042147070323148,-0.0252069536175994,-0.134431244529916,0.0094576276971038,0.0,6.614002370850345,0.04910973475294069,-0.1438888722270198,-0.5000000000000004,0.8660254037844384,37.07555494043312,37.04793850187767,23.413758304682325,23.13771102129338,158.41007240356578,0,0,0,0,0,0,0,0,0,0,0,0,0,0,0,0,0,0
2015,12,37.02281533103199,24.92045993162717,0.0493276627218934,-6.086297006296689,0.9407697492031128,-0.0459151694154333,-0.0081595909955602,-0.1329763189354944,0.0118759426139515,0.0,6.158576050506458,0.046634554867209445,-0.1448522615494459,-2.4492935982947064e-16,1.0,36.98313358440207,37.07555494043312,23.95071297550796,23.413758304682325,153.4745477025249,0,0,0,0,0,0,0,0,0,0,0,0,0,0,0,0,0,0
2016,1,37.116302569656746,25.329674467240963,0.0569014792899408,-6.578329498245871,1.4145387342783826,-0.0522421578595624,-0.0157434376754297,-0.123262840174359,0.0137788783869094,0.0,6.728695179473184,0.05456279765246258,-0.1370417185612684,0.49999999999999994,0.8660254037844387,37.02281533103199,36.98313358440207,24.92045993162717,23.95071297550796,170.43565848534925,0,0,0,0,0,0,0,0,0,0,0,0,0,0,0,0,0,0
2016,2,37.06513515112949,25.952339248526403,0.0700353550295858,-6.511578456889948,2.025226221282101,-0.0739737671335674,-0.0162313669785125,-0.1386862474565322,0.013423411803838,0.0,6.819251809957003,0.07573358236556886,-0.1521096592603702,0.8660254037844386,0.5000000000000001,37.116302569656746,37.02281533103199,25.329674467240963,24.92045993162717,176.97553639313185,0,0,0,0,0,0,0,0,0,0,0,0,0,0,0,0,0,0
2016,3,37.02016806754256,26.41542840365199,0.0724900887573964,-7.59225204287196,2.2575368334555765,-0.0929746026057077,-0.0265766563275952,-0.1878280096285089,0.0246041653424325,0.0,7.920780494174933,0.09669847667489068,-0.2124321749709414,1.0,6.123233995736766e-17,37.06513515112949,37.116302569656746,25.952339248526403,25.329674467240963,209.23081004492116,0,0,0,0,0,0,0,0,0,0,0,0,0,0,0,0,0,0
2016,4,37.08417859326303,26.4178692319998,0.0792627218934911,-7.142088664353952,2.0229347122491466,-0.093368901647958,-0.0254931552074288,-0.1803663877781326,0.0162045631182969,0.0,7.4230516190792954,0.09678663522086149,-0.1965709508964295,0.8660254037844387,-0.4999999999999998,37.02016806754256,37.06513515112949,26.41542840365199,25.952339248526403,196.1012069752212,0,0,0,0,0,0,0,0,0,0,0,0,0,0,0,0,0,0
2016,5,37.07407088491308,25.894225895736977,0.0701331360946745,-6.533925202471265,1.4299958805889772,-0.0662116802654183,-0.0251065757092336,-0.1773851735616577,0.0240412266296747,0.0,6.688577335277705,0.07081191105607489,-0.2014264001913324,0.49999999999999994,-0.8660254037844387,37.08417859326303,37.02016806754256,26.4178692319998,26.41542840365199,173.19553244078736,0,0,0,0,0,0,0,0,0,0,0,0,0,0,0,0,0,0
2016,6,36.986878394349226,25.36676570519794,0.0601834319526627,-6.02991440733509,1.262904677253503,-0.0559994704350098,-0.0353397826158535,-0.1619288664774076,0.0213323965580505,0.0,6.160746382023533,0.06621813138663246,-0.1832612630354581,1.2246467991473532e-16,-1.0,37.07407088491308,37.08417859326303,25.894225895736977,26.4178692319998,156.27821004193683,0,0,0,0,0,0,0,0,0,0,0,0,0,0,0,0,0,0
2016,7,36.96660137034078,24.46782155655641,0.0676976331360946,-7.401149826642325,1.8346770456909427,-0.0598306523022219,-0.0449204884976501,-0.2083036561645347,0.02041693693082,0.0,7.62515957986408,0.0748168245903078,-0.2287205930953547,-0.4999999999999997,-0.8660254037844388,36.986878394349226,37.07407088491308,25.36676570519794,25.894225895736977,186.57104394038095,0,0,0,0,0,0,0,0,0,0,0,0,0,0,0,0,0,0
2016,8,37.01391329877314,23.78787978897132,0.0559961538461538,-7.054675967735652,2.2683265683566325,-0.0628048193678204,-0.03403717959465,-0.1937256059526692,0.0133803779556906,0.0,7.410381800586224,0.07143510992910283,-0.2071059839083598,-0.8660254037844385,-0.5000000000000004,36.96660137034078,36.986878394349226,24.46782155655641,25.36676570519794,176.27727146272593,0,0,0,0,0,0,0,0,0,0,0,0,0,0,0,0,0,0
2016,9,36.95621505008604,23.394217425816432,0.0504202662721893,-7.917900950950984,2.3479432758142256,-0.0784836297402896,-0.0306100824557812,-0.1782375404379777,0.0176760430872087,0.0,8.258691972431938,0.08424166003326736,-0.1959135835251864,-1.0,-1.8369701987210297e-16,37.01391329877314,36.96660137034078,23.78787978897132,24.46782155655641,193.20563565591752,0,0,0,0,0,0,0,0,0,0,0,0,0,0,0,0,0,0
2016,10,37.06219266739311,23.392492796472784,0.0669199704142011,-6.713186087692983,1.9467544058370871,-0.0734188847309915,-0.0199733769938128,-0.1381136560757484,0.0094621985621706,0.0,6.9897582336330295,0.07608724218737059,-0.147575854637919,-0.8660254037844386,0.5000000000000001,36.95621505008604,37.01391329877314,23.394217425816432,23.78787978897132,163.50786912934697,0,0,0,0,0,0,0,0,0,0,0,0,0,0,0,0,0,0
2016,11,37.03637301231462,23.64276426444244,0.0650952662721893,-6.984244036956651,1.711526064389556,-0.0744075812399387,-0.0290400098629375,-0.139183517126642,0.0095128166605029,0.0,7.190896066336194,0.07987371481793985,-0.14869633378714492,-0.5000000000000004,0.8660254037844384,37.06219266739311,36.95621505008604,23.392492796472784,23.394217425816432,170.0126605464931,0,0,0,0,0,0,0,0,0,0,0,0,0,0,0,0,0,0
2016,12,37.02561841383073,24.27155032597492,0.0666297337278106,-7.267993041044156,1.4574267157524294,-0.0717624192010368,-0.0273206244149758,-0.1449586844964493,0.0100041451538808,0.0,7.412679372295499,0.07678711694034038,-0.1549628296503301,-2.4492935982947064e-16,1.0,37.03637301231462,37.06219266739311,23.64276426444244,23.392492796472784,179.9172204349864,0,0,0,0,0,0,0,0,0,0,0,0,0,0,0,0,0,0
2017,1,37.00189839182219,25.38797089655447,0.0730467455621301,-6.622889721887352,1.676409757525258,-0.0626439811419364,-0.011035690199654,-0.1499588218622306,0.0131568118665345,0.0,6.831765360681456,0.0636086065834964,-0.1631156337287651,0.49999999999999994,0.8660254037844387,37.02561841383073,37.03637301231462,24.27155032597492,23.64276426444244,173.44466014906976,0,0,0,0,0,0,0,0,0,0,0,0,0,0,0,0,0,0
2017,2,37.08471372437686,25.581273202516595,0.0662392011834319,-6.701735541665342,1.981455894793279,-0.0612423596414599,-0.0101133946984794,-0.1393874049539397,0.0188334312664686,0.0,6.988521069112655,0.0620717920377779,-0.1582208362204083,0.8660254037844386,0.5000000000000001,37.00189839182219,37.02561841383073,25.38797089655447,24.27155032597492,178.7752667505142,0,0,0,0,0,0,0,0,0,0,0,0,0,0,0,0,0,0
2017,3,37.0775808888822,26.03937907057997,0.0719581360946745,-6.467516120368912,1.487908839474063,-0.049576859113887,-0.0110060128965587,-0.1455307778786625,0.0188469012108074,0.0,6.636462723606364,0.050783828917061936,-0.1643776790894699,1.0,6.123233995736766e-17,37.08471372437686,37.00189839182219,25.581273202516595,25.38797089655447,172.8093685477597,0,0,0,0,0,0,0,0,0,0,0,0,0,0,0,0,0,0
2017,4,37.09857883087229,25.99861776208086,0.0802582840236686,-6.180808506068393,1.7421239782896267,-0.037405251046593,-0.0042210704123135,-0.1574779998444946,0.0153042719914362,0.0,6.421634507227819,0.03764266517243904,-0.17278227183593078,0.8660254037844387,-0.4999999999999998,37.0775808888822,37.08471372437686,26.03937907057997,25.581273202516595,166.95362096120454,0,0,0,0,0,0,0,0,0,0,0,0,0,0,0,0,0,0
2017,5,37.036772902436624,25.84463818926756,0.0753026627218935,-5.303754982158277,0.7067145789868733,-0.0132982624785998,-0.0168232354775488,-0.1481022887901794,0.0377270399466068,0.0,5.350631963321841,0.02144446401481725,-0.1858293287367862,0.49999999999999994,-0.8660254037844387,37.09857883087229,37.0775808888822,25.99861776208086,26.03937907057997,138.2851471759833,0,0,0,0,0,1,0,0,1,0,0,1,0,0,0,0,0,0
2017,6,36.99070356268216,25.31621639666311,0.0756457100591716,-8.213032471357717,3.0864801738389147,-0.0388680777791732,-0.0398408865227884,-0.2155823392804558,0.0265015370747041,0.0,8.773839652003959,0.055659893183238864,-0.2420838763551599,1.2246467991473532e-16,-1.0,37.036772902436624,37.09857883087229,25.84463818926756,25.99861776208086,222.12042325975557,0,0,0,0,0,0,0,0,0,0,0,0,0,0,0,0,0,0
2017,7,36.962624316942566,24.164096615836133,0.0543309171597633,-7.351746066787539,4.047474667165407,-0.0392823143656911,-0.0248806411266112,-0.2246093142050258,0.0350078605335845,0.0,8.392271528726402,0.04649888735008826,-0.2596171747386103,-0.4999999999999997,-0.8660254037844388,36.99070356268216,37.036772902436624,25.31621639666311,25.84463818926756,202.79166004647558,0,0,0,0,1,0,0,0,0,0,0,0,0,0,0,0,0,0
2017,8,36.89607186674922,23.805449935553213,0.0586116863905325,-6.615048706178834,1.4252707069442117,-0.0120082475567379,-0.0370802701667527,-0.1701732039583857,0.0240265321449415,0.0,6.766850520972922,0.03897620357376116,-0.1941997361033272,-0.8660254037844385,-0.5000000000000004,36.962624316942566,36.99070356268216,24.164096615836133,25.31621639666311,161.08792129839307,0,0,0,0,0,1,0,0,0,0,0,0,0,0,0,0,0,0
2017,9,36.9832918008913,23.644886059266803,0.0724492603550295,-8.630593993960048,4.278784502187424,-0.0616400615445537,-0.0418367442344632,-0.2229277082008017,0.0244808761325813,0.0,9.633023902427448,0.07449704930637359,-0.247408584333383,-1.0,-1.8369701987210297e-16,36.89607186674922,36.962624316942566,23.805449935553213,24.164096615836133,227.77175257909064,0,0,0,0,1,0,0,0,0,0,0,0,0,0,0,0,0,1
2017,10,36.94683196989346,23.229778541663464,0.0661980769230769,-8.13128401612389,2.587067564210948,-0.0560215603224051,-0.0393545361312888,-0.1677285935619526,0.0189173997506587,0.0,8.532918512013591,0.06846309031197605,-0.1866459933126113,-0.8660254037844386,0.5000000000000001,36.9832918008913,36.89607186674922,23.644886059266803,23.805449935553213,198.21780734813626,0,0,0,0,0,0,0,0,0,0,0,0,0,0,0,0,0,0
2017,11,36.9943631520828,23.90248270045187,0.0620137573964497,-7.392930621931539,1.399890379814883,-0.0609502497097455,-0.0220723017930312,-0.1553123461953282,0.0125956112111108,0.0,7.524301712198369,0.0648237568035283,-0.167907957406439,-0.5000000000000004,0.8660254037844384,36.94683196989346,36.9832918008913,23.229778541663464,23.644886059266803,179.8494915088019,0,0,0,0,0,0,0,0,0,0,0,0,0,0,0,0,0,0
2017,12,36.9395368399444,24.33942348727517,0.0544100591715976,-6.647108716372202,1.4938783977158676,-0.0563583854357188,-0.0193961243652848,-0.1610674026846533,0.0098799417710163,0.0,6.812908846772679,0.05960266142811607,-0.17094734445566961,-2.4492935982947064e-16,1.0,36.9943631520828,36.94683196989346,23.90248270045187,23.229778541663464,165.82227360180372,0,0,0,0,0,0,0,0,0,0,0,0,0,0,0,0,0,0
2018,1,37.01726552749031,24.64472983662588,0.0511171597633136,-7.028213138411031,2.098987447439566,-0.0699466078260778,-0.0171205346267112,-0.1449417404654111,0.0144453782301682,0.0,7.334952503148354,0.07201139251729233,-0.1593871186955793,0.49999999999999994,0.8660254037844387,36.9395368399444,36.9943631520828,24.33942348727517,23.90248270045187,180.7679228045739,0,0,0,0,0,0,0,0,0,0,0,0,0,0,0,0,0,0
2018,2,37.025431467351446,25.534039475761706,0.0648218934911242,-6.356472020318522,1.742892210123807,-0.0656725874169111,-0.0309212360406754,-0.1375142383504901,0.0138689074995955,0.0,6.59108563145727,0.07258795751579591,-0.15138314585008558,0.8660254037844386,0.5000000000000001,37.01726552749031,36.9395368399444,24.64472983662588,24.33942348727517,168.2970407017557,0,0,0,0,0,0,0,0,0,0,0,0,0,0,0,0,0,0
2018,3,37.08421411351812,26.06737821101159,0.0715041420118343,-5.687984602691154,1.1982076160124773,-0.0474152514558098,-0.010412218229087,-0.1442235625574927,0.0204631195971246,0.0,5.812819482103495,0.04854503433995906,-0.1646866821546173,1.0,6.123233995736766e-17,37.025431467351446,37.01726552749031,25.534039475761706,24.64472983662588,151.52496391232833,0,0,0,0,0,0,0,0,0,0,0,0,0,0,0,0,0,0
2018,4,37.03666787879949,26.25160592210661,0.07575724852071,-5.62011615834998,0.9983389385529524,-0.0499991163151261,-0.0156254734483701,-0.1392097215680681,0.0220491759170441,0.0,5.7080983058789,0.0523838434326771,-0.1612588974851122,0.8660254037844387,-0.4999999999999998,37.08421411351812,37.025431467351446,26.06737821101159,25.534039475761706,149.8467472905772,0,0,0,0,0,0,0,0,0,0,0,0,0,0,0,0,0,0
2018,5,36.995598611330166,25.55249083943185,0.0770424556213017,-7.4911743945624,2.3107133627643246,-0.070323546813834,-0.0431331358633015,-0.204791718730207,0.0245982175748023,0.0,7.839457255104141,0.08249768873053068,-0.22938993630500928,0.49999999999999994,-0.8660254037844387,37.03666787879949,37.08421411351812,26.25160592210661,26.06737821101159,200.3176596971661,0,0,0,0,0,0,0,0,0,0,0,0,0,0,0,0,0,0
2018,6,36.95013484556573,24.5932050716008,0.0843671597633136,-6.80381386167199,1.7080278589704332,-0.0614330189973501,-0.0206085138792084,-0.1748071452216989,0.0164662874661959,0.0,7.014929951988048,0.06479758226537703,-0.19127343268789482,1.2246467991473532e-16,-1.0,36.995598611330166,37.03666787879949,25.55249083943185,26.25160592210661,172.51961087215682,0,0,0,0,0,0,0,0,0,0,0,0,0,0,0,0,0,0
2018,7,36.99203638170043,23.520891342944324,0.0595374260355029,-7.039626208988167,2.4762638900759657,-0.0562177614168368,-0.0199115601040593,-0.1924317983921462,0.0191399162337624,0.0,7.462454021001889,0.059639809896561126,-0.2115717146259086,-0.4999999999999997,-0.8660254037844388,36.95013484556573,36.995598611330166,24.5932050716008,25.55249083943185,175.5235701797034,0,0,0,0,0,0,0,0,0,0,0,0,0,0,0,0,0,0
2018,8,36.8957317854272,23.076436304205263,0.0641112426035503,-7.839555900477799,2.397573873665206,-0.0581324872693057,-0.0414527256660695,-0.1854187735527225,0.0195482129881367,0.0,8.197987386938227,0.0713982810805863,-0.20496698654085918,-0.8660254037844385,-0.5000000000000004,36.99203638170043,36.95013484556573,23.520891342944324,24.5932050716008,189.18033375735814,0,0,0,0,0,0,0,0,0,0,0,0,0,0,0,0,0,0
2018,9,37.072125954176414,23.03522729577342,0.0704744082840236,-7.377264546924795,2.298706520767607,-0.0614925897924764,-0.0384136616340535,-0.1485866548482483,0.015618476641954,0.0,7.727100611738727,0.07250481363000202,-0.1642051314902023,-1.0,-1.8369701987210297e-16,36.8957317854272,36.99203638170043,23.076436304205263,23.520891342944324,177.99551892871142,0,0,0,0,0,0,0,0,0,0,0,0,0,0,0,0,0,0
2018,10,37.01281740307124,23.15204233420077,0.0762619822485207,-6.100663541336737,1.4327329663923507,-0.0559011543453423,-0.0150287937071207,-0.1338068839581408,0.0076208396776188,0.0,6.266643391607881,0.0578861269859452,-0.14142772363575962,-0.8660254037844386,0.5000000000000001,37.072125954176414,36.8957317854272,23.03522729577342,23.076436304205263,145.08559309584518,0,0,0,0,0,0,0,0,0,0,0,0,0,0,0,0,0,0
2018,11,36.95380219101728,23.124661711920364,0.0808292899408284,-7.2910165525752415,2.054681870711626,-0.0772535076761651,-0.0106604885079202,-0.1268234456608281,0.0115375405937962,0.0,7.575000987442654,0.07798557856103139,-0.13836098625462429,-0.5000000000000004,0.8660254037844384,37.01281740307124,37.072125954176414,23.15204233420077,23.03522729577342,175.1693353020741,0,0,0,0,0,0,0,0,0,0,0,0,0,0,0,0,0,0
2018,12,36.90750556810526,24.1013580220867,0.0692782544378698,-6.633262175074695,1.1495142868064212,-0.0730048828212731,-0.0152169207508638,-0.1274413902025956,0.0095748562784589,0.0,6.732128205764411,0.07457390691713749,-0.13701624648105448,-2.4492935982947064e-16,1.0,36.95380219101728,37.01281740307124,23.124661711920364,23.15204233420077,162.25343213771623,0,0,0,0,0,0,0,0,0,0,0,0,0,0,0,0,0,0
2019,1,36.919738601042056,24.71701271342214,0.0722782544378698,-6.251669622031895,1.962970045543987,-0.0814114537905659,-0.0133298978565285,-0.1220286633576867,0.012212341353738,0.0,6.552604403040014,0.08249552100059088,-0.1342410047114247,0.49999999999999994,0.8660254037844387,36.90750556810526,36.95380219101728,24.1013580220867,23.124661711920364,161.9608063359659,0,0,0,0,0,0,0,0,0,0,0,0,0,0,0,0,0,0
2019,2,37.09703108676237,26.22222416029504,0.0876912721893491,-4.865335779077203,0.6882984485451722,-0.0758272038981767,0.0034209868922166,-0.1061915696196302,0.0084542268832054,0.0,4.913781333905535,0.07590433454245141,-0.1146457965028356,0.8660254037844386,0.5000000000000001,36.919738601042056,36.90750556810526,24.71701271342214,24.1013580220867,128.85027561234452,0,0,0,0,0,0,0,0,0,0,0,0,0,0,0,0,0,0
2019,3,37.05554127681949,27.412689309019424,0.0980198224852071,-5.772785681239246,0.8800161001024515,-0.0898536258547969,-0.0156821843966745,-0.142689540761815,0.0168472267466889,0.0,5.839476248599731,0.09121186867236702,-0.1595367675085039,1.0,6.123233995736766e-17,37.09703108676237,36.919738601042056,26.22222416029504,24.71701271342214,160.0757481302627,0,0,0,0,0,0,0,0,0,0,0,0,0,0,0,0,0,0
2019,4,36.99438427672507,27.01613401152695,0.1114578402366864,-6.461733028028139,0.908371090966128,-0.0647605569480736,-0.0152046006015665,-0.1713577053956026,0.0174447911730884,0.0,6.5252687120464765,0.06652149739503645,-0.188802496568691,0.8660254037844387,-0.4999999999999998,37.05554127681949,37.09703108676237,27.412689309019424,26.22222416029504,176.28753398587148,0,0,0,0,0,0,0,0,0,0,0,0,0,0,0,0,0,0
2019,5,37.047897303587874,26.775162600612266,0.1043723372781065,-5.486164662964951,0.3150311257861025,-0.0418784324943911,-0.0164107836035704,-0.156505780614163,0.0216397279818382,0.0,5.495202209143845,0.044979072096592736,-0.1781455085960012,0.49999999999999994,-0.8660254037844387,36.99438427672507,37.05554127681949,27.01613401152695,27.412689309019424,147.13493267307018,0,0,0,0,0,0,0,0,0,0,0,0,0,0,0,0,0,0
2019,6,37.04327657434865,25.613997455095944,0.1015631656804733,-6.9973225445437,1.628568485996427,-0.0612912929731217,-0.0365116364576098,-0.1999939740056822,0.0250876161473742,0.0,7.184341174106379,0.07134228893951819,-0.2250815901530564,1.2246467991473532e-16,-1.0,37.047897303587874,36.99438427672507,26.775162600612266,27.01613401152695,184.0196965501018,0,0,0,0,0,0,0,0,0,0,0,0,0,0,0,0,0,0
2019,7,37.042581172781496,24.733661882738872,0.104814349112426,-6.868428519491613,2.0054806883518514,-0.0713168755063467,-0.031140881491351,-0.2088264201122981,0.0260491230078702,0.0,7.155226280049986,0.07781934998473145,-0.2348755431201683,-0.4999999999999997,-0.8660254037844388,37.04327657434865,37.047897303587874,25.613997455095944,26.775162600612266,176.9749475052438,0,0,0,0,0,0,0,0,0,0,0,0,0,0,0,0,0,0
2019,8,36.98185191037257,23.469922647767472,0.0776730769230769,-7.905590383258797,2.7568074789272963,-0.0851075044618203,-0.0408639214848879,-0.1873743912127949,0.022710676023946,0.0,8.372475546918213,0.09440946665902655,-0.2100850672367409,-0.8660254037844385,-0.5000000000000004,37.042581172781496,37.04327657434865,24.733661882738872,25.613997455095944,196.50135345649514,0,0,0,0,0,0,0,0,0,0,0,0,0,0,0,0,0,0
2019,9,36.9999760429701,23.405006873307023,0.077730473372781,-7.337188145112709,2.817638723102547,-0.0740453758801901,-0.027177712465496,-0.1727952140234631,0.0169430117635331,0.0,7.859606723666867,0.07887550788486762,-0.1897382257869962,-1.0,-1.8369701987210297e-16,36.98185191037257,37.042581172781496,23.469922647767472,24.733661882738872,183.95414938891312,0,0,0,0,0,0,0,0,0,0,0,0,0,0,0,0,0,0
2019,10,37.02495112125013,23.085136437624083,0.0888899408284023,-6.66201399134461,1.9624917285858527,-0.0633342017932139,-0.0190501824939573,-0.1408851832239585,0.0134255110159428,0.0,6.945056098091593,0.06613721017578997,-0.1543106942399013,-0.8660254037844386,0.5000000000000001,36.9999760429701,36.98185191037257,23.405006873307023,23.469922647767472,160.32756759139755,0,0,0,0,0,0,0,0,0,0,0,0,0,0,0,0,0,0
2019,11,37.03092744139382,23.8703490719788,0.0884215976331361,-5.528465979198027,0.6749624658993186,-0.0528078292663203,-0.0160634974966627,-0.1043846550777819,0.0125922253851354,0.0,5.569516174096534,0.055196945419525925,-0.1169768804629173,-0.5000000000000004,0.8660254037844384,37.02495112125013,36.9999760429701,23.085136437624083,23.405006873307023,132.94629523771613,0,0,0,0,0,0,0,0,0,0,0,0,0,0,0,0,0,0
2019,12,36.98451276738447,24.49623394378163,0.0792575443786982,-7.280530631894896,1.2991480402339846,-0.0732688594295384,-0.0274101652311073,-0.1500406193839022,0.0175490633270444,0.0,7.395533240571885,0.07822814659764132,-0.1675896827109466,-2.4492935982947064e-16,1.0,37.03092744139382,37.02495112125013,23.8703490719788,23.085136437624083,181.16271240006236,0,0,0,0,0,0,0,0,0,0,0,0,0,0,0,0,0,0
2020,1,37.00055925818912,25.904296996867085,0.094980473372781,-5.990166504707562,0.989214312968522,-0.0636534315792942,-0.0237154413643913,-0.1306904259209449,0.0185591342181143,0.0,6.071296378130638,0.06792776686251191,-0.1492495601390592,0.49999999999999994,0.8660254037844387,36.98451276738447,37.03092744139382,24.49623394378163,23.8703490719788,157.2726645350995,0,0,0,0,0,0,0,0,0,0,0,0,0,0,0,0,0,0
2020,2,36.9693051494127,26.095033593429164,0.1092195266272189,-6.654135555910641,1.3679986380966458,-0.0539629226495352,-0.0158750003180457,-0.1528783362116334,0.016718305779632,0.0,6.793301132017371,0.056249556940278826,-0.1695966419912654,0.8660254037844386,0.5000000000000001,37.00055925818912,36.98451276738447,25.904296996867085,24.49623394378163,177.27142125027368,0,0,0,0,0,0,0,0,0,0,0,0,0,0,0,0,0,0
2020,3,37.06077903213075,26.875290008185274,0.109948224852071,-5.977998803353168,0.7747742355685439,-0.0466955345586912,-0.0141096894170559,-0.1583311494065107,0.0220481996705546,0.0,6.027996749252005,0.04878069580446453,-0.1803793490770653,1.0,6.123233995736766e-17,36.9693051494127,37.00055925818912,26.095033593429164,25.904296996867085,162.00416080454573,0,0,0,0,0,0,0,0,0,0,0,0,0,0,0,0,0,0
2020,4,37.06490148957125,26.836446638817435,0.1126797337278106,-5.978755745662035,0.8900041693040396,-0.0482670103975422,-0.0163750747319856,-0.1542888824227293,0.0237109393057738,0.0,6.044636274224064,0.05096908244411076,-0.17799982172850312,0.8660254037844387,-0.4999999999999998,37.06077903213075,36.9693051494127,26.875290008185274,26.095033593429164,162.2165588242743,0,0,0,0,0,0,0,0,0,0,0,0,0,0,0,0,0,0
2020,5,37.07964979719432,26.48476272162888,0.0920001479289941,-6.274783772829721,0.961332372615676,-0.0305522037236042,-0.0049795797324605,-0.1722524954149356,0.0229282943454719,0.0,6.347997426464985,0.030955344719136076,-0.19518078976040748,0.49999999999999994,-0.8660254037844387,37.06490148957125,37.06077903213075,26.836446638817435,26.875290008185274,168.12520559743592,0,0,0,0,0,0,0,0,0,0,0,0,0,0,0,0,0,0
2020,6,37.05777628873756,25.59402901372768,0.0958252958579881,-8.201049337020287,2.4723355031225105,-0.0452469774243248,-0.0406288056797623,-0.2326398402364296,0.0299103866667437,0.0,8.56560873891873,0.06081109123343573,-0.2625502269031733,1.2246467991473532e-16,-1.0,37.07964979719432,37.06490148957125,26.48476272162888,26.836446638817435,219.22843858412534,0,0,0,0,0,0,0,0,0,0,0,0,0,0,0,0,0,0
2020,7,36.96789598735768,24.39268985371198,0.0897085798816568,-7.908670054384943,2.8422115794300327,-0.0623860794957176,-0.053180995226952,-0.2258673019089995,0.0306072122246556,0.0,8.403881763290777,0.08197707708972728,-0.25647451413365513,-0.4999999999999997,-0.8660254037844388,37.05777628873756,37.07964979719432,25.59402901372768,26.48476272162888,204.99328141921805,0,0,0,0,0,0,0,0,0,0,0,0,0,0,0,0,0,0
2020,8,36.95946735425433,23.65452228097672,0.092392899408284,-8.63784519878365,2.560883341808996,-0.0633129003793882,-0.0466627395903338,-0.205579454905888,0.0304560689531134,0.0,9.009466863721991,0.07865071277824277,-0.2360355238590014,-0.8660254037844385,-0.5000000000000004,36.96789598735768,37.05777628873756,24.39268985371198,25.59402901372768,213.1146346676333,0,0,0,0,0,0,0,0,0,0,0,0,0,0,0,0,0,0
2020,9,37.002565592444405,23.287019203360423,0.0778532544378698,-7.980047086992207,2.8131267276741343,-0.0634712556200708,-0.0360160935265439,-0.1754059721908626,0.0214380343284832,0.0,8.461373026676426,0.07297779993190483,-0.1968440065193458,-1.0,-1.8369701987210297e-16,36.95946735425433,36.96789598735768,23.65452228097672,24.39268985371198,197.04015615900985,0,0,0,0,0,0,0,0,0,0,0,0,0,0,0,0,0,0
2020,10,36.994540075650825,23.30565418417441,0.0749062130177514,-7.027425819600122,1.370173344598014,-0.0553636832371803,-0.0182445336524604,-0.1335906760447476,0.0103561130501109,0.0,7.159754789392536,0.05829237025359836,-0.1439467890948585,-0.8660254037844386,0.5000000000000001,37.002565592444405,36.95946735425433,23.287019203360423,23.65452228097672,166.86276916506893,0,0,0,0,0,0,0,0,0,0,0,0,0,0,0,0,0,0
2020,11,36.96269380753253,23.33340776248136,0.0754658284023668,-7.851033297516185,1.5676286988753891,-0.0657502497662101,-0.0236789402121419,-0.1344037399842189,0.0143643667006633,0.0,8.006009216597594,0.06988410086628577,-0.1487681066848822,-0.5000000000000004,0.8660254037844384,36.994540075650825,37.002565592444405,23.30565418417441,23.287019203360423,186.8074776010556,0,0,0,0,0,0,0,0,0,0,0,0,0,0,0,0,0,0
2020,12,36.85749801367126,24.074316125382488,0.0540473372781065,-6.917690674934161,1.918867405790549,-0.0669235426136265,-0.0181390715810503,-0.1595025077109506,0.011207693427272,0.0,7.178892421193982,0.06933820356614634,-0.1707102011382226,-2.4492935982947064e-16,1.0,36.96269380753253,36.994540075650825,23.33340776248136,23.30565418417441,172.8269255779364,0,0,0,0,0,0,0,0,0,0,0,0,0,0,0,0,0,0
2021,1,36.81632909406591,24.905918989024148,0.0559180473372781,-6.657279187405603,1.9809506084086628,-0.0636251206000365,-0.0252513577648405,-0.1511793722503284,0.0184909098247099,0.0,6.9457563657256545,0.06845280885644621,-0.16967028207503831,0.49999999999999994,0.8660254037844387,36.85749801367126,36.96269380753253,24.074316125382488,23.33340776248136,172.99044536226194,1,0,0,0,0,0,0,0,0,0,0,0,0,0,0,0,0,0
2021,2,36.933760809509344,25.29632287076232,0.0744405325443787,-6.593547010562829,1.721919255672827,-0.0665667570525361,-0.0204082196564175,-0.1469257540075031,0.0138006492479313,0.0,6.814680337591697,0.06962491345801408,-0.1607264032554344,0.8660254037844386,0.5000000000000001,36.81632909406591,36.85749801367126,24.905918989024148,24.074316125382488,172.38635408075513,0,0,0,0,0,0,0,0,0,0,0,0,0,1,0,0,0,0
2021,3,37.07108146976412,26.08870145924657,0.0678915680473372,-5.403205427192372,1.3851510596698555,-0.0525946823353796,-0.0063938555351568,-0.1433570191440497,0.0154031437529614,0.0,5.577927244644342,0.0529819025570425,-0.1587601628970111,1.0,6.123233995736766e-17,36.933760809509344,36.81632909406591,25.29632287076232,24.905918989024148,145.52087864692405,0,0,0,0,0,0,0,0,0,0,0,0,0,0,1,0,0,0
2021,4,37.11211140090778,26.565496447634988,0.0786073964497041,-5.193783833783054,0.4599312503895166,-0.0360526734246313,-0.0129466235618979,-0.1354283815216736,0.0120518475594605,0.0,5.214108482487784,0.03830679212250232,-0.14748022908113412,0.8660254037844387,-0.4999999999999998,37.07108146976412,36.933760809509344,26.08870145924657,25.29632287076232,138.5153803691127,0,0,0,0,0,0,0,0,0,0,0,0,0,0,0,0,0,0
2021,5,37.11663094042905,26.53649730722572,0.0892653846153846,-6.000422099638268,0.9622376702020506,-0.0340391914849307,-0.0190387697525612,-0.1822721051746571,0.0180343311919263,0.0,6.077085379339605,0.03900181163277955,-0.2003064363665834,0.49999999999999994,-0.8660254037844387,37.11211140090778,37.07108146976412,26.565496447634988,26.08870145924657,161.26455980462623,0,0,0,0,0,0,0,0,0,0,0,0,0,0,0,0,0,0
2021,6,37.09083030531836,25.52609262471364,0.0875241124260355,-5.270457111166779,1.6437071113896793,-0.0412841965886109,-0.0161536580290514,-0.1660479076162598,0.0281311351166674,0.0,5.520823419444012,0.04433199246240359,-0.1941790427329272,1.2246467991473532e-16,-1.0,37.11663094042905,37.11211140090778,26.53649730722572,26.565496447634988,140.92504996941614,0,0,0,0,0,0,0,0,0,0,0,0,0,0,0,0,0,0
2021,7,37.08549022941101,24.69240210125988,0.0722085798816568,-8.267436590420424,1.8560822498516216,-0.0596545500918112,-0.0440723629855721,-0.221139298145764,0.0277040018837832,0.0,8.473225424526172,0.07416898627990298,-0.2488433000295472,-0.4999999999999997,-0.8660254037844388,37.09083030531836,37.11663094042905,25.52609262471364,26.53649730722572,209.22428927701867,0,0,0,0,0,0,0,0,0,0,0,0,0,0,0,0,0,0
2021,8,37.083615636867655,24.089793792530333,0.0733994082840236,-7.565090590680139,3.029145998009563,-0.0615283808568827,-0.0349213798749453,-0.2042199410498142,0.027047648232364,0.0,8.149007370376745,0.07074775207199055,-0.2312675892821782,-0.8660254037844385,-0.5000000000000004,37.08549022941101,37.09083030531836,24.69240210125988,25.52609262471364,196.30790716618566,0,0,0,0,0,0,0,0,0,0,0,0,0,0,0,0,0,0
2021,9,37.10115446428974,23.95660104243749,0.069842899408284,-6.67291573448294,2.3232146360465054,-0.0710275296132857,-0.0313272074404993,-0.1462823985772725,0.0188776727258806,0.0,7.065771765677879,0.07762927211423698,-0.16516007130315308,-1.0,-1.8369701987210297e-16,37.083615636867655,37.08549022941101,24.089793792530333,24.69240210125988,169.27187524726406,0,0,0,0,0,0,0,0,0,0,0,0,0,0,0,0,0,0
2021,10,36.99743350590931,24.3207472135945,0.0939199704142011,-7.080622308352996,1.9679598295124323,-0.0541375797987948,-0.0337901252686816,-0.1633719132232243,0.0161768783479047,0.0,7.349018857243511,0.06381731827759664,-0.17954879157112902,-0.8660254037844386,0.5000000000000001,37.10115446428974,37.083615636867655,23.95660104243749,24.089793792530333,178.73362989495857,0,0,0,0,0,0,0,0,0,0,0,0,0,0,0,0,0,0
2021,11,37.00002241159535,24.45367943369379,0.1127319526627219,-7.444468544785088,1.3236596040074995,-0.0379435697676525,-0.0298967310074185,-0.1448965462795376,0.0145746264937361,0.0,7.561229176633644,0.04830661457443123,-0.15947117277327372,-0.5000000000000004,0.8660254037844384,36.99743350590931,37.10115446428974,24.3207472135945,23.95660104243749,184.89987441009157,0,0,0,0,0,0,0,0,0,0,0,0,0,0,0,0,0,0
2021,12,37.0232110893409,24.61482002626177,0.1085532544378698,-7.483989994906815,1.1842788658022174,-0.049583364138328,-0.0217445119077094,-0.1733985217233028,0.014109854162092,0.0,7.577111763452556,0.054141793444422825,-0.18750837588539482,-2.4492935982947064e-16,1.0,37.00002241159535,36.99743350590931,24.45367943369379,24.3207472135945,186.50924237625563,0,0,0,0,0,0,0,0,0,0,0,0,0,0,0,0,0,0
2022,1,37.10912752523312,25.698891389700293,0.0955050295857988,-5.746216637143017,1.466725700000334,-0.0557765325720107,-0.0022460530428641,-0.1270304475662976,0.0238815115753715,0.0,5.930454444645931,0.055821737164190165,-0.1509119591416691,0.49999999999999994,0.8660254037844387,37.0232110893409,37.00002241159535,24.61482002626177,24.45367943369379,152.40610466452114,0,0,0,0,0,0,0,0,0,0,0,0,0,0,0,0,0,0
2022,2,37.058133034381626,26.556690551804767,0.0923301775147929,-5.43081336755019,1.8397793046821505,-0.0486339817072706,0.0034445889881218,-0.1309386360398411,0.0171811707626433,0.0,5.73397957121392,0.048755813704626255,-0.1481198068024844,0.8660254037844386,0.5000000000000001,37.10912752523312,37.0232110893409,25.698891389700293,24.61482002626177,152.27552110309827,0,0,0,0,0,0,0,0,0,0,0,0,0,0,0,0,0,0
2022,3,37.07719289384682,26.66554960439844,0.090080473372781,-6.473900940996655,1.911784360041985,-0.0526026189919649,-0.0052633796162512,-0.1692580964482395,0.0226770886302699,0.0,6.75028242617585,0.052865288136910736,-0.1919351850785094,1.0,6.123233995736766e-17,37.058133034381626,37.10912752523312,26.556690551804767,25.698891389700293,179.99999087889117,0,0,0,0,0,0,0,0,0,0,0,0,0,0,0,0,0,0
2022,4,37.07204477618377,26.724772085100543,0.0771523668639053,-6.5532284664684495,1.3867952860230526,-0.048121122635602,-0.0328592146765671,-0.1680455700709269,0.0267270330846662,0.0,6.698358343584507,0.05826980721498373,-0.1947726031555931,0.8660254037844387,-0.4999999999999998,37.07719289384682,37.058133034381626,26.66554960439844,26.556690551804767,179.01210007662755,0,0,0,0,0,0,0,0,0,0,0,0,0,0,0,0,0,0
2022,5,37.04613005992543,26.06063646655453,0.0934374260355029,-7.1995004866955545,1.5529500681620378,-0.0547099773265413,-0.0415981566924712,-0.197121725919155,0.0276469732882708,0.0,7.365083921594784,0.06872836575448342,-0.22476869920742581,0.49999999999999994,-0.8660254037844387,37.07204477618377,37.07719289384682,26.724772085100543,26.66554960439844,191.93877462634748,0,0,0,0,0,0,0,0,0,0,0,0,0,0,0,0,0,0
2022,6,37.0538718288515,25.436453080366142,0.0960235207100591,-5.761305903541971,1.6362363130030548,-0.0410906569949577,-0.025676895623211,-0.1692164270482825,0.0419706987911427,0.0,5.989149771560016,0.0484535350735376,-0.2111871258394252,1.2246467991473532e-16,-1.0,37.04613005992543,37.07204477618377,26.06063646655453,26.724772085100543,152.34272715557196,0,0,0,0,0,0,0,0,1,0,0,0,0,0,0,0,0,0
2022,7,36.99166671066758,24.30736632059334,0.0808149408284023,-8.989609148375381,3.545220718228605,-0.0710602775734891,-0.0502498295687183,-0.2663834833887202,0.0287056759264342,0.0,9.663418783303955,0.08703222633316093,-0.2950891593151544,-0.4999999999999997,-0.8660254037844388,37.0538718288515,37.04613005992543,25.436453080366142,26.06063646655453,234.8922602750716,0,0,0,0,0,0,0,1,0,0,0,0,1,0,0,0,0,1
2022,8,36.92140165633318,23.669401074307064,0.068848224852071,-6.891183745931592,3.587069804146445,-0.0638852846159836,-0.027961861655187,-0.2019384719607745,0.0179982947174613,0.0,7.768879146956206,0.06973661375266975,-0.2199367666782358,-0.8660254037844385,-0.5000000000000004,36.99166671066758,37.0538718288515,24.30736632059334,25.436453080366142,183.884716427127,0,0,0,0,0,0,0,0,0,0,0,0,0,0,0,0,0,0
2022,9,37.01359363140336,23.425613874818804,0.0646073964497041,-6.226577624766784,1.8744214639155825,-0.0363884298103315,-0.0188946630194808,-0.1526444575049468,0.0109135328665287,0.0,6.502593693414482,0.04100153795507137,-0.1635579903714755,-1.0,-1.8369701987210297e-16,36.92140165633318,36.99166671066758,23.669401074307064,24.30736632059334,152.32724904675956,0,0,0,0,0,0,0,0,0,0,0,0,0,0,0,0,0,0
2022,10,36.93667391048979,23.526889147734867,0.0675720414201183,-7.334814513223411,2.3212890893044555,-0.0462415662565552,-0.0264359546316231,-0.1687316315458018,0.012460573185125,0.0,7.693366426962691,0.05326483030241079,-0.18119220473092681,-0.8660254037844386,0.5000000000000001,37.01359363140336,36.92140165633318,23.425613874818804,23.669401074307064,181.0009791000563,0,0,0,0,0,0,0,0,0,0,0,0,0,0,0,0,0,0
2022,11,36.96745503734124,24.14815577188373,0.0867566568047337,-7.40268296602915,1.3391170031749284,-0.0436798321694885,-0.0288780798241613,-0.1640822947818852,0.0176364289232965,0.0,7.522828553392024,0.052362880294014716,-0.18171872370518172,-0.5000000000000004,0.8660254037844384,36.93667391048979,37.01359363140336,23.526889147734867,23.425613874818804,181.66243575248535,0,0,0,0,0,0,0,0,0,0,0,0,0,0,0,0,0,0
2022,12,37.00982319336882,24.67701748621914,0.0807806213017751,-7.483164271659399,1.8089701498048545,-0.0568962102584036,-0.0184278337506817,-0.1582749257823066,0.0180329317171898,0.0,7.698709016421178,0.05980605152082216,-0.1763078574994964,-2.4492935982947064e-16,1.0,36.96745503734124,36.93667391048979,24.14815577188373,23.526889147734867,189.98117701953836,0,0,0,0,0,0,0,0,0,0,0,0,0,0,0,0,0,0
2023,1,36.95002916902807,25.803939583572934,0.0782084319526627,-6.550255207620429,1.9532434243774977,-0.0528949094171974,-0.0183515366016015,-0.1473741389414262,0.0221655806140786,0.0,6.835276377721129,0.05598794814862782,-0.16953971955550481,0.49999999999999994,0.8660254037844387,37.00982319336882,36.96745503734124,24.67701748621914,24.14815577188373,176.37705868773926,0,0,0,0,0,0,0,0,0,0,0,0,0,0,0,0,0,0
2023,2,37.05212003689042,26.315081301076667,0.0873137573964497,-6.487049391283792,1.9860291301146065,-0.0602881767321722,-0.0188696716831839,-0.1401408503394155,0.0186607315695497,0.0,6.784255413132615,0.06317221511962978,-0.1588015819089652,0.8660254037844386,0.5000000000000001,36.95002916902807,37.00982319336882,25.803939583572934,24.67701748621914,178.52823276385425,0,0,0,0,0,0,0,0,0,0,0,0,0,0,0,0,0,0
2023,3,37.0528710679864,26.795538148925683,0.0981437869822485,-6.899474050871719,1.8974814705947447,-0.0655772143467908,-0.0283295021386549,-0.1730569460203309,0.0275906444301266,0.0,7.155639601733908,0.07143480757242227,-0.2006475904504575,1.0,6.123233995736766e-17,37.05212003689042,36.95002916902807,26.315081301076667,25.803939583572934,191.7392139282243,0,0,0,0,0,0,0,0,0,0,0,0,0,0,0,0,0,0
2023,4,37.09033969757094,26.54499496880329,0.103598224852071,-6.091622972629479,0.8967722427298331,-0.058852234448185,-0.0203440385597162,-0.1601781372047035,0.0175758226383367,0.0,6.157277880362223,0.062269297446360776,-0.1777539598430402,0.8660254037844387,-0.4999999999999998,37.0528710679864,37.05212003689042,26.795538148925683,26.315081301076667,163.44491035573898,0,0,0,0,0,0,0,0,0,0,0,0,0,0,0,0,0,0
2023,5,37.084526118346375,26.529349473829463,0.1113687869822485,-6.379845107095481,0.5517792197470636,-0.0440300512068272,-0.0305672627746281,-0.1770784617263889,0.0227453130236744,0.0,6.403661756985204,0.05360040077097363,-0.1998237747500633,0.49999999999999994,-0.8660254037844387,37.09033969757094,37.0528710679864,26.54499496880329,26.795538148925683,169.88498066325727,0,0,0,0,0,0,0,0,0,0,0,0,0,0,0,0,0,0
2023,6,37.05296324210265,25.57770258411232,0.112664349112426,-7.576378823032041,2.2440984048081574,-0.059414936218565,-0.0415339042658548,-0.2256757609502098,0.0283427492401303,0.0,7.901739917293589,0.07249275722043781,-0.2540185101903401,1.2246467991473532e-16,-1.0,37.084526118346375,37.09033969757094,26.529349473829463,26.54499496880329,202.1083535015437,0,0,0,0,0,0,0,0,0,0,0,0,0,0,0,0,0,0
2023,7,36.99538909458138,24.51979473729967,0.0992386094674556,-7.550590170911078,1.6289247064548131,-0.0638692181821934,-0.0402565265385042,-0.2063377549618306,0.0390855800470656,0.0,7.724299814763658,0.0754974500241559,-0.2454233350088962,-0.4999999999999997,-0.8660254037844388,37.05296324210265,37.084526118346375,25.57770258411232,26.529349473829463,189.39824594736675,0,0,0,0,0,0,0,0,1,0,0,0,0,0,0,0,0,0
2023,8,36.87214514543029,23.769563793961748,0.0874649408284023,-7.437384273878921,2.2681122076581923,-0.0650029769553059,-0.0365465741538953,-0.1932717278687911,0.0195195237560385,0.0,7.775539712706097,0.07457237488130707,-0.2127912516248296,-0.8660254037844385,-0.5000000000000004,36.99538909458138,37.05296324210265,24.51979473729967,25.57770258411232,184.82118723365056,0,0,0,0,0,0,0,0,0,0,0,0,0,0,0,0,0,0
2023,9,36.90754660241932,23.085884592471523,0.0873050295857988,-8.39706298162246,2.2273887600419084,-0.0768083259242878,-0.0391031749789002,-0.1838472423821511,0.0190445939464681,0.0,8.687458052025075,0.08618919436171861,-0.2028918363286192,-1.0,-1.8369701987210297e-16,36.87214514543029,36.99538909458138,23.769563793961748,24.51979473729967,200.55765399098834,0,0,0,0,0,0,0,0,0,0,0,0,0,0,0,0,0,0
2023,10,36.94588262080974,22.82894585354317,0.0800007396449704,-6.937056497003905,1.63236172100496,-0.0718001489411797,-0.0263081667143411,-0.1359770182718539,0.0149264476708406,0.0,7.1265249337125285,0.07646817000455257,-0.1509034659426945,-0.8660254037844386,0.5000000000000001,36.90754660241932,36.87214514543029,23.085884592471523,23.769563793961748,162.69105183564866,0,0,0,0,0,0,0,0,0,0,0,0,0,0,0,0,0,0
2023,11,36.87662574818798,23.88125784885528,0.0945502958579881,-5.6049945580183405,1.291068453176399,-0.0573954095832518,-0.0123190272397497,-0.1083671938650001,0.0082377145981647,0.0,5.75176683691216,0.058702567860042784,-0.1166049084631648,-0.5000000000000004,0.8660254037844384,36.94588262080974,36.90754660241932,22.82894585354317,23.085884592471523,137.35942691879404,0,0,0,0,0,0,0,0,0,0,0,0,0,0,0,0,0,0
2023,12,36.88332137161672,24.861107003005348,0.0868773668639053,-6.92822298213575,1.19463712089425,-0.0702521732943573,-0.0246488709973277,-0.1389285323579283,0.0137697818011221,0.0,7.030464532362886,0.0744508877987584,-0.15269831415905039,-2.4492935982947064e-16,1.0,36.87662574818798,36.94588262080974,23.88125784885528,22.82894585354317,174.78513101990765,0,0,0,0,0,0,0,0,0,0,0,0,0,0,0,0,0,0
2024,1,36.971105589547605,26.052764258293763,0.0938026627218935,-5.197672683811752,0.6245709445614082,-0.0553410863741466,-0.0097033808892317,-0.1348116863188306,0.0214455508621486,0.0,5.235063532836367,0.05618533119731752,-0.1562572371809792,0.49999999999999994,0.8660254037844387,36.88332137161672,36.87662574818798,24.861107003005348,23.88125784885528,136.38787609817638,0,0,0,0,0,0,0,0,0,0,0,0,0,0,0,0,0,0
2024,2,36.95740817838416,27.148976041524733,0.0997723372781065,-6.191796484078176,1.7786649018526075,-0.0715003883598383,-0.0142106627043703,-0.126486165173484,0.0210189819335937,0.0,6.442204012085088,0.07289889210478497,-0.14750514710707768,0.8660254037844386,0.5000000000000001,36.971105589547605,36.88332137161672,26.052764258293763,24.861107003005348,174.89924237871256,0,0,0,0,0,0,0,0,0,0,0,0,0,0,0,0,0,0
2024,3,36.993544613612194,27.93648916369829,0.1175337278106509,-6.144805844013508,1.446406677673907,-0.0667920251185427,-0.0130812873279509,-0.1560680948903222,0.0176417785283376,0.0,6.312743550774277,0.06806096309627456,-0.1737098734186598,1.0,6.123233995736766e-17,36.95740817838416,36.971105589547605,27.148976041524733,26.052764258293763,176.35589179941186,0,0,0,0,0,0,0,0,0,0,0,0,0,0,0,0,0,0
2024,4,37.02481995333314,27.96823606125173,0.1308813609467455,-5.545298271630642,0.4522852711820391,-0.0390137476356115,-0.0094747102295255,-0.1544564854375709,0.0242374352449496,0.0,5.563712329719968,0.0401477600683856,-0.1786939206825205,0.8660254037844387,-0.4999999999999998,36.993544613612194,36.95740817838416,27.93648916369829,27.148976041524733,155.6072198145049,0,0,0,0,0,0,0,0,0,0,0,0,0,0,0,0,0,0
2024,5,37.01162802574339,26.93010437993202,0.1129656804733727,-8.588457295880515,1.16370506884431,-0.0551198154394087,-0.0447255830461649,-0.237904257234737,0.0265550331251155,0.0,8.666937648928668,0.07098289817198133,-0.2644592903598525,0.49999999999999994,-0.8660254037844387,37.02481995333314,36.993544613612194,27.96823606125173,27.93648916369829,233.40153554001162,0,0,0,0,0,0,0,0,0,0,0,0,0,0,0,0,0,1
2024,6,36.98510461427004,25.63937270107709,0.1041380177514793,-8.33737329195237,2.558637099858572,-0.0663712334587685,-0.0347951582657757,-0.2360624758273186,0.0249349153958834,0.0,8.721147700740618,0.07493893293594946,-0.260997391223202,1.2246467991473532e-16,-1.0,37.01162802574339,37.02481995333314,26.93010437993202,27.96823606125173,223.60475628043022,0,0,0,0,0,0,0,0,0,0,0,0,0,0,0,0,0,0
2024,7,36.97467846846951,24.542000787576377,0.1022994082840236,-7.644115567207336,2.1695196355235646,-0.0520350627446844,-0.0331559554968558,-0.2129915657965741,0.0220557218472633,0.0,7.946025311672738,0.061700608909092014,-0.23504728764383742,-0.4999999999999997,-0.8660254037844388,36.98510461427004,37.01162802574339,25.63937270107709,26.93010437993202,195.01135945717417,0,0,0,0,0,0,0,0,0,0,0,0,0,0,0,0,0,0
2024,8,36.80980203717576,23.820931420223403,0.1149807692307692,-7.571125450218923,2.563511419402072,-0.0589738901085964,-0.030543657723737,-0.201590972406977,0.0199134758943636,0.0,7.993342941495599,0.06641411553040213,-0.22150444830134058,-0.8660254037844385,-0.5000000000000004,36.97467846846951,36.98510461427004,24.542000787576377,25.63937270107709,190.40887402769346,1,0,0,0,0,0,0,0,0,0,0,0,0,0,0,0,0,0
2024,9,36.88642623306893,23.44266121171588,0.1120241124260355,-7.690923773325407,2.4164179062702247,-0.0664443911828883,-0.0263908734287138,-0.1713588500957517,0.0163102008887296,0.0,8.06159934410321,0.07149360335019543,-0.18766905098448128,-1.0,-1.8369701987210297e-16,36.80980203717576,36.97467846846951,23.820931420223403,24.542000787576377,188.98534224840247,0,0,0,0,0,0,0,0,0,0,0,0,0,1,0,0,0,0
2024,10,36.89248830188333,23.60193018442368,0.1079985207100591,-6.880496975938244,1.255144191426418,-0.0708798977970724,-0.0304878363720748,-0.1348117983861435,0.0142484021610056,0.0,6.994042148655296,0.07715872004105458,-0.14906020054714908,-0.8660254037844386,0.5000000000000001,36.88642623306893,36.80980203717576,23.44266121171588,23.820931420223403,165.07289449947888,0,0,0,0,0,0,0,0,0,0,0,0,0,0,1,0,0,0
2024,11,36.80336367295117,23.6808155456432,0.0926094674556213,-6.625276395555079,1.1383567835623123,-0.0679097870198083,-0.0188917388254836,-0.1330888782732585,0.0109021903495111,0.0,6.7223614514679015,0.07048855913498309,-0.14399106862276959,-0.5000000000000004,0.8660254037844384,36.89248830188333,36.88642623306893,23.60193018442368,23.44266121171588,159.19100156335367,1,0,0,0,0,0,0,0,0,0,0,0,0,0,0,0,0,0
2024,12,36.883713598046974,24.295169336708675,0.0967397928994082,-7.283253292360249,1.5196342042388296,-0.087781781473985,-0.0275834647278348,-0.1432082306527527,0.0132138404620469,0.0,7.440098563552031,0.09201352446862451,-0.1564220711147996,-2.4492935982947064e-16,1.0,36.80336367295117,36.89248830188333,23.6808155456432,23.60193018442368,180.75845448329954,0,0,0,0,0,0,0,0,0,0,0,0,0,1,0,0,0,0
