region,feature,feature_value,partial_dependence
high,wind_mag,4.187293921500312,27.882873639088007
high,wind_mag,4.207591152586257,27.89732977839962
high,wind_mag,4.2278883836722025,27.911936834085374
high,wind_mag,4.248185614758147,27.926695764080797
high,wind_mag,4.268482845844092,27.94160752706746
high,wind_mag,4.2887800769300375,27.956673082394975
high,wind_mag,4.309077308015983,27.97189339000107
high,wind_mag,4.329374539101928,27.987269410329564
high,wind_mag,4.349671770187873,28.002802104246214
high,wind_mag,4.369969001273818,28.01849243295206
high,wind_mag,4.390266232359763,28.034341357895016
high,wind_mag,4.410563463445708,28.05034984067885
high,wind_mag,4.4308606945316535,28.066518842969845
high,wind_mag,4.451157925617599,28.08284932640109
high,wind_mag,4.471455156703544,28.099342252474614
high,wind_mag,4.4917523877894885,28.115998582460605
high,wind_mag,4.512049618875434,28.132819277294452
high,wind_mag,4.532346849961379,28.14980529747112
high,wind_mag,4.552644081047324,28.166957602936854
high,wind_mag,4.57294131213327,28.18427715297821
high,wind_mag,4.593238543219215,28.201764906108743
high,wind_mag,4.613535774305159,28.219421819952096
high,wind_mag,4.6338330053911045,28.237248851123393
high,wind_mag,4.65413023647705,28.255246955106756
high,wind_mag,4.674427467562995,28.27341708613062
high,wind_mag,4.69472469864894,28.291760197039576
high,wind_mag,4.715021929734885,28.310277239163643
high,wind_mag,4.73531916082083,28.328969162184105
high,wind_mag,4.755616391906775,28.347836913996495
high,wind_mag,4.775913622992721,28.36688144057021
high,wind_mag,4.796210854078666,28.386103685805057
high,wind_mag,4.816508085164611,28.405504591384222
high,wind_mag,4.836805316250556,28.42508509662447
high,wind_mag,4.857102547336501,28.444846138322156
high,wind_mag,4.877399778422446,28.464788650596606
high,wind_mag,4.897697009508391,28.48491356472936
high,wind_mag,4.917994240594337,28.505221809000123
high,wind_mag,4.938291471680282,28.525714308519035
high,wind_mag,4.958588702766226,28.546391985055447
high,wind_mag,4.978885933852172,28.567255756862544
high,wind_mag,4.999183164938117,28.588306538498628
high,wind_mag,5.019480396024062,28.609545240644113
high,wind_mag,5.039777627110007,28.630972769914976
high,wind_mag,5.060074858195953,28.65259002867199
high,wind_mag,5.080372089281898,28.674397914826084
high,wind_mag,5.100669320367842,28.69639732163932
high,wind_mag,5.120966551453788,28.718589137522233
high,wind_mag,5.141263782539733,28.74097424582627
high,wind_mag,5.161561013625678,28.763553524632428
high,wind_mag,5.1818582447116235,28.786327846535634
high,wind_mag,5.202155475797568,28.809298078424014
high,wind_mag,5.222452706883513,28.8324650812547
high,wind_mag,5.242749937969458,28.85582970982422
high,wind_mag,5.263047169055404,28.879392812534803
high,wind_mag,5.283344400141349,28.903155231155846
high,wind_mag,5.303641631227293,28.927117800580593
high,wind_mag,5.3239388623132395,28.951281348578412
high,wind_mag,5.344236093399184,28.975646695541588
high,wind_mag,5.364533324485129,29.0002146542277
high,wind_mag,5.3848305555710745,29.02498602949702
high,wind_mag,5.40512778665702,29.049961618044428
high,wind_mag,5.425425017742965,29.075142208126767
high,wind_mag,5.445722248828909,29.100528579284664
high,wind_mag,5.466019479914855,29.126121502059487
high,wind_mag,5.4863167110008,29.15192173770427
high,wind_mag,5.506613942086745,29.17793003789034
high,wind_mag,5.5269111731726905,29.204147144407727
high,wind_mag,5.547208404258635,29.230573788860266
high,wind_mag,5.56750563534458,29.25721069235533
high,wind_mag,5.5878028664305255,29.2840585651879
high,wind_mag,5.608100097516471,29.31111810651895
high,wind_mag,5.628397328602416,29.338390004047874
high,wind_mag,5.64869455968836,29.365874933679603
high,wind_mag,5.668991790774307,29.393573559185405
high,wind_mag,5.689289021860251,29.421486531858186
high,wind_mag,5.709586252946196,29.449614490161263
high,wind_mag,5.7298834840321415,29.477958059371996
high,wind_mag,5.750180715118087,29.506517851218252
high,wind_mag,5.770477946204032,29.535294463509633
high,wind_mag,5.7907751772899765,29.564288479762222
high,wind_mag,5.811072408375922,29.593500468816572
high,wind_mag,5.831369639461867,29.622930984450242
high,wind_mag,5.851666870547812,29.65258056498346
high,wind_mag,5.871964101633758,29.682449732878354
high,wind_mag,5.892261332719702,29.712538994331926
high,wind_mag,5.912558563805648,29.74284883886232
high,wind_mag,5.9328557948915925,29.773379738888792
high,wind_mag,5.953153025977538,29.80413214930475
high,wind_mag,5.973450257063483,29.835106507044355
high,wind_mag,5.993747488149428,29.866303230642227
high,wind_mag,6.014044719235374,29.89772271978673
high,wind_mag,6.034341950321318,29.929365354865915
high,wind_mag,6.054639181407263,29.961231496507533
high,wind_mag,6.074936412493209,29.993321485110805
high,wind_mag,6.095233643579154,30.025635640373014
high,wind_mag,6.115530874665099,30.05817426080745
high,wind_mag,6.1358281057510435,30.09093762325575
high,wind_mag,6.156125336836989,30.123925982392215
high,wind_mag,6.176422567922934,30.157139570221982
high,wind_mag,6.196719799008879,30.190578595571203
