Year,Month,med_sss,med_sst,med_sla,med_uwind,med_vwind,med_ucurr,med_vcurr,med_evap,med_ppt,med_runoff,med_wind_mag,med_curr_mag,med_E_minus_P,month_sin,month_cos,med_sss_lag1,med_sss_lag2,med_sst_lag1,med_sst_lag2,med_sst_x_windmag,med_sss_is_outlier,med_sst_is_outlier,med_sla_is_outlier,med_uwind_is_outlier,med_vwind_is_outlier,med_ucurr_is_outlier,med_vcurr_is_outlier,med_evap_is_outlier,med_ppt_is_outlier,med_runoff_is_outlier,med_wind_mag_is_outlier,med_curr_mag_is_outlier,med_E_minus_P_is_outlier,med_sss_lag1_is_outlier,med_sss_lag2_is_outlier,med_sst_lag1_is_outlier,med_sst_lag2_is_outlier,med_sst_x_windmag_is_outlier
2011,1,34.364923554705506,3.263524931826435,0.0269285502958579,7.520967475761323,-1.8355723522471248,0.1800538329021817,0.0053754924171736,-0.0209311140624023,0.0985838986007419,0.0,7.74172316941091,0.18013405747246647,-0.11951501266314421,0.49999999999999994,0.8660254037844387,,,,,25.26530657867087,1,0,0,0,0,0,0,0,0,0,0,0,0,0,0,0,0,0
2011,2,34.041436909214326,3.6640452477725343,0.0320505917159763,5.860001841240381,-3.467464087982855,0.1924014599034948,-0.0210465840432522,-0.0117194440943249,0.0666017250196468,0.0,6.809032881459115,0.19354916810176634,-0.0783211691139717,0.8660254037844386,0.5000000000000001,34.364923554705506,,3.263524931826435,,24.948604571237194,0,0,0,0,0,0,0,0,0,0,0,0,0,0,0,0,0,0
2011,3,33.958405642021354,3.267152055242213,0.0091687869822485,6.210937942273518,-0.6652030759661861,0.1826383977409964,0.0034272554601761,-0.0328511476472637,0.1003288686628172,0.0,6.246458617092383,0.18267055156589337,-0.13318001631008092,1.0,6.123233995736766e-17,34.041436909214326,34.364923554705506,3.6640452477725343,3.263524931826435,20.40813010881881,0,0,0,0,0,0,0,0,0,0,0,0,0,0,0,0,0,0
2011,4,33.72411985212238,2.8477400744151087,0.0093479289940828,7.884677965965497,-1.71957411162952,0.1883543937483571,0.0171998461201089,-0.0270038382453326,0.0885786248382026,0.0,8.070011260981502,0.18913807747480826,-0.1155824630835352,0.8660254037844387,-0.4999999999999998,33.958405642021354,34.041436909214326,3.267152055242213,3.6640452477725343,22.98129446887823,0,0,0,0,0,0,0,0,0,0,0,0,0,0,0,0,0,0
2011,5,34.08338185814356,2.424065607203671,0.0481264792899408,6.870991570709725,-1.700216859050051,0.1789591132811981,0.0137823886405428,-0.0181083967523461,0.0834405323457435,0.0,7.078224532505459,0.17948904830944884,-0.1015489290980896,0.49999999999999994,-0.8660254037844387,33.72411985212238,33.958405642021354,2.8477400744151087,3.267152055242213,17.158080649311767,0,0,0,0,0,0,0,0,0,0,0,0,0,0,0,0,0,0
2011,6,34.113005473162524,2.147921056526711,0.0364647928994082,5.941954360205746,-0.3163183580790564,0.1715604603371842,0.0073603943993265,-0.0331459097431961,0.0679437084310859,0.0,5.950367965296424,0.17171827787635244,-0.101089618174282,1.2246467991473532e-16,-1.0,34.08338185814356,33.72411985212238,2.424065607203671,2.8477400744151087,12.78092064674219,0,0,0,0,0,0,0,0,0,0,0,0,0,0,0,0,0,0
2011,7,34.210923013870946,1.5833698825321922,0.0495306213017751,9.825649721382636,-1.719270344669297,0.1902198562957897,0.0335180422466127,-0.0250241334974413,0.0994498235939522,0.0,9.974932729866701,0.19315033752296834,-0.1244739570913935,-0.4999999999999997,-0.8660254037844388,34.113005473162524,34.08338185814356,2.147921056526711,2.424065607203671,15.794008064755559,0,0,0,0,0,0,0,0,0,0,0,0,0,0,0,0,0,0
2011,8,34.02446971365161,1.3489024321516463,0.042692899408284,6.897351906849788,-3.954559215427152,0.1950471977656431,-0.0090692834368942,-0.0236455483813963,0.1443946544940655,0.0,7.950597582272933,0.1952579351992861,-0.16804020287546179,-0.8660254037844385,-0.5000000000000004,34.210923013870946,34.113005473162524,1.5833698825321922,2.147921056526711,10.724580415786958,0,0,0,0,0,0,0,0,0,0,0,0,0,0,0,0,0,0
2011,9,33.83491369621962,1.507376199049133,0.0327863905325443,5.96921891291466,1.3213929569227456,0.157878696490024,-0.006272881145082,-0.0628124296488846,0.0888515224118204,0.0,6.113726668481599,0.1580032652929978,-0.151663952060705,-1.0,-1.8369701987210297e-16,34.02446971365161,34.210923013870946,1.3489024321516463,1.5833698825321922,9.21568606756111,0,0,0,0,0,0,0,0,0,0,0,0,0,0,0,0,0,0
2011,10,33.652559920366144,1.0676140246195014,0.0411569526627218,5.933342465282192,0.09650956768785,0.1649494127717596,-0.0071153198353348,-0.0354550419121804,0.0720236174453645,0.0,5.934127307951545,0.16510280600313076,-0.10747865935754489,-0.8660254037844386,0.5000000000000001,33.83491369621962,34.02446971365161,1.507376199049133,1.3489024321516463,6.335357537846637,0,0,0,0,0,0,0,0,0,0,0,0,0,0,0,0,0,0
2011,11,33.54686666981207,1.5047514456561242,0.0407386094674556,8.937217280709532,0.1265213082812467,0.1721007095797252,0.03237683253608,-0.034475259086084,0.0976780321471084,0.0,8.938112796561827,0.17511971197701956,-0.13215329123319242,-0.5000000000000004,0.8660254037844384,33.652559920366144,33.83491369621962,1.0676140246195014,1.507376199049133,13.449638152063912,0,0,0,0,0,0,0,0,0,0,0,0,0,0,0,0,0,0
2011,12,33.74609780677096,2.4393533526149698,0.060135798816568,7.478625332110027,-2.741982903353561,0.1842535118404109,0.0185791521316625,-0.0168266343779465,0.0788527042908076,0.0,7.965444563887256,0.18518785467588283,-0.0956793386687541,-2.4492935982947064e-16,1.0,33.54686666981207,33.652559920366144,1.5047514456561242,1.0676140246195014,19.43053390198706,0,0,0,0,0,0,0,0,0,0,0,0,0,0,0,0,0,0
2012,1,33.80042334469862,2.882092892251323,0.0604971893491124,7.906592015684003,-3.142342926129787,0.1922467820375287,0.0200645964700844,-0.027928133776202,0.0978978061111721,0.0,8.50814412006966,0.19329100660737528,-0.12582593988737412,0.49999999999999994,0.8660254037844387,33.74609780677096,33.54686666981207,2.4393533526149698,1.5047514456561242,24.521261694702655,0,0,0,0,0,0,0,0,0,0,0,0,0,0,0,0,0,0
2012,2,33.812139309085964,3.161977076845217,0.0637079881656804,6.224462625543041,-0.5134838637096818,0.1538778918060975,0.0001311432088025,-0.0290961925315081,0.0798560938186194,0.0,6.2456065081841645,0.1538779476898177,-0.10895228635012749,0.8660254037844386,0.5000000000000001,33.80042334469862,33.74609780677096,2.882092892251323,2.4393533526149698,19.74846460987363,0,0,0,0,0,0,0,0,0,0,0,0,0,0,0,0,0,0
2012,3,33.85275955185924,2.923271551380535,0.0146471893491124,7.406801658269217,-1.7116939254413694,0.1660543279446793,-0.0093008204022823,-0.0263116919385963,0.1126094344099598,0.0,7.602013345116707,0.16631459674158072,-0.1389211263485561,1.0,6.123233995736766e-17,33.812139309085964,33.80042334469862,3.161977076845217,2.882092892251323,22.22274934499485,0,0,0,0,0,0,0,0,0,0,0,0,0,0,0,0,0,0
2012,4,33.83479082911515,2.2323608968484066,0.0024227810650887,6.811041599194679,-1.3091674804158464,0.1684876319500425,-0.0101041153816233,-0.0141860646079983,0.0985329532058986,0.0,6.935719656801217,0.16879032930762988,-0.1127190178138969,0.8660254037844387,-0.4999999999999998,33.85275955185924,33.812139309085964,2.923271551380535,3.161977076845217,15.483029353345886,0,0,0,0,0,0,0,0,0,0,0,0,0,0,0,0,0,0
2012,5,34.00891617071684,2.016277393375138,-0.0180420118343195,7.710361918754126,-0.575322828635838,0.172241854200349,0.0295019797944965,-0.0561272975652528,0.1056120607274523,0.0,7.731796510211798,0.17475017353401728,-0.1617393582927051,0.49999999999999994,-0.8660254037844387,33.83479082911515,33.85275955185924,2.2323608968484066,2.923271551380535,15.589446513716833,0,0,0,0,0,0,0,0,0,0,0,0,0,0,0,0,0,0
2012,6,33.99410487799226,1.1149398172882252,0.0016775147928994,7.014457158083041,-0.7518089599686967,0.1630287554622049,0.0329644201576886,-0.0321683252351523,0.1007110550558778,0.0,7.054631523678017,0.16632807370942534,-0.13287938029103008,1.2246467991473532e-16,-1.0,34.00891617071684,33.83479082911515,2.016277393375138,2.2323608968484066,7.865489582045322,0,0,0,0,0,0,0,0,0,0,0,0,0,0,0,0,0,0
2012,7,33.74592890594596,0.9865217378273596,0.0302116863905325,8.10271150614383,-0.1483389300668953,0.1562626130834839,0.0260310187554723,-0.0408003821351824,0.0665075877714439,0.0,8.10406923649897,0.15841596568883562,-0.1073079699066263,-0.4999999999999997,-0.8660254037844388,33.99410487799226,34.00891617071684,1.1149398172882252,2.016277393375138,7.994840466664208,0,0,0,0,0,0,0,0,0,0,0,0,0,0,0,0,0,0
2012,8,33.760854184864726,0.810380779748765,0.0178545857988165,8.513460939452493,-2.225441863021907,0.1770828331506552,0.0213316691045362,-0.0482969330127775,0.1195035968306501,0.0,8.799523206019389,0.17836302840961243,-0.16780052984342758,-0.8660254037844385,-0.5000000000000004,33.74592890594596,33.99410487799226,0.9865217378273596,1.1149398172882252,7.130964477111345,0,0,0,0,0,0,0,0,0,0,0,0,0,0,0,0,0,0
2012,9,34.028182433235166,0.752671087712979,0.0074815088757396,8.280473178660376,-1.600304493537316,0.1741239431275595,0.0292091684887108,-0.0481776723406723,0.0993678978914339,0.0,8.433694951475871,0.1765568551319701,-0.14754557023210618,-1.0,-1.8369701987210297e-16,33.760854184864726,33.74592890594596,0.810380779748765,0.9865217378273596,6.347798352566803,0,0,0,0,0,0,0,0,0,0,0,0,0,0,0,0,0,0
2012,10,34.08994589780342,0.729985190784151,0.0218044378698224,9.47501997693756,-0.9703439090555236,0.1745761279567811,0.0422165100159641,-0.0300155432795631,0.0752980384600938,0.0,9.524577201388365,0.1796080682216431,-0.1053135817396569,-0.8660254037844386,0.5000000000000001,34.028182433235166,33.760854184864726,0.752671087712979,0.810380779748765,6.95280030549386,0,0,0,0,0,0,0,0,0,0,0,0,0,0,0,0,0,0
2012,11,34.04457184479777,1.4255897117253296,0.0255878698224852,7.290543101243013,-2.267544330577173,0.167515895731703,0.01956767080837,-0.0114033223521074,0.0760199191302237,0.0,7.635036083884264,0.16865488152929203,-0.0874232414823311,-0.5000000000000004,0.8660254037844384,34.08994589780342,34.028182433235166,0.729985190784151,0.752671087712979,10.884428889837057,0,0,0,0,0,0,0,0,0,0,0,0,0,0,0,0,0,0
2012,12,34.33998070459753,1.831586139629669,0.0275887573964497,7.20805181130855,-3.0868319135445814,0.1776845890053233,0.0108294067096678,-0.0096619715307943,0.0845389450795551,0.0,7.841207953943434,0.17801429498687474,-0.0942009166103494,-2.4492935982947064e-16,1.0,34.04457184479777,34.08994589780342,1.4255897117253296,0.729985190784151,14.36184780639671,0,0,0,0,0,0,0,0,0,0,0,0,0,0,0,0,0,0
2013,1,34.11653215032939,2.737939908262093,0.0273470414201183,7.6859747284262845,-1.1775986479055247,0.1661449433008164,0.0227823004312709,-0.0182702868691915,0.0755611397105561,0.0,7.775663708105979,0.16769965831024278,-0.0938314265797476,0.49999999999999994,0.8660254037844387,34.33998070459753,34.04457184479777,1.831586139629669,1.4255897117253296,21.28929997964857,0,0,0,0,0,0,0,0,0,0,0,0,0,0,0,0,0,0
2013,2,34.066363891980295,3.0037515178144285,0.0451075443786982,8.269294643543176,-2.950002070009356,0.1902019675688807,0.004803594199516,-0.0191677110434989,0.0652507804554595,0.0,8.779734968368427,0.19026261583481702,-0.0844184914989584,0.8660254037844386,0.5000000000000001,34.11653215032939,34.33998070459753,2.737939908262093,1.831586139629669,26.372142237245075,0,0,0,0,0,0,0,0,0,0,0,0,0,0,0,0,0,0
2013,3,33.99438845975608,3.1199312148603986,0.0461461538461538,7.5592108231324415,-1.6164588191100129,0.1800617143351959,0.0080814647343465,-0.0225997328008773,0.0937906976282243,0.0,7.730110437920094,0.1802429777871587,-0.1163904304291016,1.0,6.123233995736766e-17,34.066363891980295,34.11653215032939,3.0037515178144285,2.737939908262093,24.117412849585087,0,0,0,0,0,0,0,0,0,0,0,0,0,0,0,0,0,0
2013,4,33.93952856597472,3.036329813789544,0.0507997041420118,7.4514242142615235,-0.6819545266014584,0.16838348015713,0.0176451600707114,-0.0312077822769887,0.0818303350866193,0.0,7.482565388771098,0.16930548739998838,-0.113038117363608,0.8660254037844387,-0.4999999999999998,33.99438845975608,34.066363891980295,3.1199312148603986,3.0037515178144285,22.719536373555435,0,0,0,0,0,0,0,0,0,0,0,0,0,0,0,0,0,0
2013,5,33.860042099992874,2.336836653245774,0.0444726331360946,6.090387552447573,0.0952128273401872,0.1656668194343705,2.048349337922354e-05,-0.0418994884563268,0.1001597071540426,0.0,6.091131752104731,0.16566682070068775,-0.1420591956103694,0.49999999999999994,-0.8660254037844387,33.93952856597472,33.99438845975608,3.036329813789544,3.1199312148603986,14.233979938067487,0,0,0,0,0,0,0,0,0,0,0,0,0,0,0,0,0,0
2013,6,33.74307740798644,1.6636020338215132,0.0415031065088757,5.908857480308713,2.227035552792296,0.1484515421518218,-0.0064959171374146,-0.0480249345567099,0.1001229370839497,0.0,6.314608782498019,0.14859359779852657,-0.1481478716406596,1.2246467991473532e-16,-1.0,33.860042099992874,33.93952856597472,2.336836653245774,3.036329813789544,10.504996013350894,0,0,0,0,1,0,0,0,0,0,0,0,0,0,0,0,0,0
2013,7,33.7162417349789,1.530242855660884,0.035573224852071,7.537852089785965,-2.1188154008966933,0.176032038548818,-0.0048605155032031,-0.0336211491706808,0.1240942238350591,0.0,7.829980385069152,0.1760991289206435,-0.1577153730057399,-0.4999999999999997,-0.8660254037844388,33.74307740798644,33.860042099992874,1.6636020338215132,2.336836653245774,11.981771544216928,0,0,0,0,0,0,0,0,0,0,0,0,0,0,0,0,0,0
2013,8,33.475213698384735,1.074110493266048,0.0116325443786982,4.667791610286081,-1.6717835146294544,0.1600596623153552,-0.0296364650329607,-0.0382288671236419,0.1006250325039293,0.0,4.958138626222943,0.16278026772356483,-0.13885389962757122,-0.8660254037844385,-0.5000000000000004,33.7162417349789,33.74307740798644,1.530242855660884,1.6636020338215132,5.325588725493771,0,0,0,0,0,0,0,0,0,0,0,0,0,0,0,0,0,0
2013,9,33.71595189945428,0.9138594470292704,0.004725147928994,6.952333071528102,0.0279649412832925,0.1531469484807692,0.0060103618637686,-0.0514414055636648,0.1029622907469258,0.0,6.95238931414261,0.15326484358359818,-0.1544036963105906,-1.0,-1.8369701987210297e-16,33.475213698384735,33.7162417349789,1.074110493266048,1.530242855660884,6.3535066541545735,0,0,0,0,0,0,0,0,0,0,0,0,0,0,0,0,0,0
2013,10,33.61961895369339,0.7816300646059385,0.0290235207100591,8.68796785061176,-0.8298542422391254,0.1572460344766635,0.0337824571657975,-0.0338765382766723,0.062129331058299,0.0,8.72751072394791,0.16083398201498023,-0.0960058693349713,-0.8660254037844386,0.5000000000000001,33.71595189945428,33.475213698384735,0.9138594470292704,1.074110493266048,6.821684771008426,0,0,0,0,0,0,0,0,0,0,0,0,0,0,0,0,0,0
2013,11,33.63642648460154,1.5563909908529756,0.0531417159763313,8.798876258748523,-2.779171437201416,0.1771191431363747,0.0274343864169776,-0.0161927166951478,0.0602081118250739,0.0,9.227351586133727,0.1792312372981887,-0.0764008285202217,-0.5000000000000004,0.8660254037844384,33.61961895369339,33.71595189945428,0.7816300646059385,0.9138594470292704,14.361366878091447,0,0,0,0,0,0,0,0,0,0,0,0,0,0,0,0,0,0
2013,12,34.05802563375285,2.241338468703478,0.0757896449704142,8.417063194619129,-3.3814495177663995,0.1895934677925291,0.0156243573218107,-0.0094711222636276,0.0892483525022247,0.0,9.070895968062613,0.19023617839758133,-0.0987194747658523,-2.4492935982947064e-16,1.0,33.63642648460154,33.61961895369339,1.5563909908529756,0.7816300646059385,20.33094807882601,0,0,0,0,0,0,0,0,0,0,0,0,0,0,0,0,0,0
2014,1,33.95315217290851,2.800410798257247,0.0818631656804733,6.845553803020681,-3.3335630385833377,0.1821781193118366,-0.0188657073106013,-0.0175566757042732,0.0939079036374064,0.0,7.614082308608167,0.1831523466088465,-0.11146457934167961,0.49999999999999994,0.8660254037844387,34.05802563375285,33.63642648460154,2.241338468703478,1.5563909908529756,21.32255831584578,0,0,0,0,0,0,0,0,0,0,0,0,0,0,0,0,0,0
2014,2,33.7254672122609,3.0740235999292698,0.0470173076923077,8.404195125286396,-3.218797698528809,0.1755973588890181,-0.0272111441313561,-0.0215088767412851,0.1086067786583533,0.0,8.99950856035717,0.177693215440928,-0.1301156553996384,0.8660254037844386,0.5000000000000001,33.95315217290851,34.05802563375285,2.800410798257247,2.241338468703478,27.664701702303425,0,0,0,0,0,0,0,0,0,0,0,0,0,0,0,0,0,0
2014,3,33.70657646906183,2.92594095387861,0.0312226331360946,9.030109003450743,-0.4440626083823615,0.1656412994578624,-0.0001540142599916,-0.0444015805008848,0.0770956637591299,0.0,9.041020971901654,0.1656413710595319,-0.12149724426001471,1.0,6.123233995736766e-17,33.7254672122609,33.95315217290851,3.0740235999292698,2.800410798257247,26.453493526562443,0,0,0,0,0,0,0,0,0,0,0,0,0,0,0,0,0,0
2014,4,33.84051777982833,2.7849254801583747,0.0329758875739645,8.5693436183873,-1.47028444857287,0.1643284489579785,0.0244004360070182,-0.026216840691115,0.0860490742519762,0.0,8.694560737018886,0.1661301309644567,-0.1122659149430912,0.8660254037844387,-0.4999999999999998,33.70657646906183,33.7254672122609,2.92594095387861,3.0740235999292698,24.213703735308474,0,0,0,0,0,0,0,0,0,0,0,0,0,0,0,0,0,0
2014,5,33.6855905366729,2.3118786465503365,0.03698224852071,3.5877561805516307,-0.4036502828766432,0.1538877447008998,0.0108606602738958,-0.039561915327106,0.1317255595732017,0.0,3.6103916632344504,0.15427051536413006,-0.1712874749003077,0.49999999999999994,-0.8660254037844387,33.84051777982833,33.70657646906183,2.7849254801583747,2.92594095387861,8.346787391915079,0,0,0,1,0,0,0,0,0,0,1,0,0,0,0,0,0,0
2014,6,33.5677936783356,1.853584771192425,0.0456887573964497,6.445946900096871,-0.5755711025916613,0.1641211727740499,0.0231388257465121,-0.0466083863077784,0.0872253101958325,0.0,6.471592812670389,0.16574427474171463,-0.1338336965036109,1.2246467991473532e-16,-1.0,33.6855905366729,33.84051777982833,2.3118786465503365,2.7849254801583747,11.995645882924185,0,0,0,0,0,0,0,0,0,0,0,0,0,0,0,0,0,0
2014,7,33.454131670006205,1.371090826387516,0.0618306213017751,7.705663168924095,1.0599028211549897,0.1595213180979625,0.0254901825417554,-0.0485237394872854,0.0852990347958175,0.0,7.778215660625876,0.16154504119199495,-0.1338227742831029,-0.4999999999999997,-0.8660254037844388,33.5677936783356,33.6855905366729,1.853584771192425,2.3118786465503365,10.66464013794785,0,0,0,0,0,0,0,0,0,0,0,0,0,0,0,0,0,0
2014,8,33.5319188307618,1.4901154467467683,0.067696449704142,4.793810982675947,-2.514018004815254,0.1754596701536614,-0.0129679911177517,-0.0196139548172259,0.0936822383361455,0.0,5.413031522738419,0.17593824099399694,-0.1132961931533714,-0.8660254037844385,-0.5000000000000004,33.454131670006205,33.5677936783356,1.371090826387516,1.853584771192425,8.066041885759699,0,0,0,0,0,0,0,0,0,0,0,0,0,0,0,0,0,0
2014,9,33.62470928248481,1.2033022413486745,0.0634797337278106,5.591842640786481,-0.4516975920008131,0.1618459011702219,-0.0120799563123022,-0.042137005008184,0.0988248114049787,0.0,5.610056580279495,0.16229609074191642,-0.1409618164131627,-1.0,-1.8369701987210297e-16,33.5319188307618,33.454131670006205,1.4901154467467683,1.371090826387516,6.750593657143196,0,0,0,0,0,0,0,0,0,0,0,0,0,0,0,0,0,0
2014,10,33.799148908103426,0.8948401212470941,0.0532025147928994,8.753718047452397,-2.900486173009026,0.1836392745732456,0.0071163094967959,-0.0230664747089323,0.0892920860877403,0.0,9.221735178051382,0.1837771069166181,-0.11235856079667259,-0.8660254037844386,0.5000000000000001,33.62470928248481,33.5319188307618,1.2033022413486745,1.4901154467467683,8.251978624836092,0,0,0,0,0,0,0,0,0,0,0,0,0,0,0,0,0,0
2014,11,33.62731504872123,1.4354866543049047,0.0703149408284023,9.434551519755075,-1.6880465157814986,0.1731959192816597,0.0171444903034165,-0.0150743221654694,0.0515381965411485,0.0,9.584376005685234,0.1740424086353183,-0.0666125187066179,-0.5000000000000004,0.8660254037844384,33.799148908103426,33.62470928248481,0.8948401212470941,1.2033022413486745,13.758243846001303,0,0,0,0,0,0,0,0,0,0,0,0,0,0,0,0,0,0
2014,12,33.94604695406977,2.1997427452583347,0.0512485207100591,8.512727661951054,-1.968950645458064,0.1695933030510442,0.0116856265509588,-0.0245731233801009,0.1089735990445289,0.0,8.737465244039393,0.16999541849018104,-0.1335467224246298,-2.4492935982947064e-16,1.0,33.62731504872123,33.799148908103426,1.4354866543049047,0.8948401212470941,19.2201757825225,0,0,0,0,0,0,0,0,0,0,0,0,0,0,0,0,0,0
2015,1,33.901026994892085,2.285511019729888,0.0384559171597633,6.07851573842517,-1.8983970503129903,0.1743232491722374,-0.0056527557806249,-0.020194973950908,0.1289902862007096,0.0,6.368066028467321,0.1744148756553791,-0.1491852601516176,0.49999999999999994,0.8660254037844387,33.94604695406977,33.62731504872123,2.1997427452583347,1.4354866543049047,14.554285082429605,0,0,0,0,0,0,0,0,0,0,0,0,0,0,0,0,0,0
2015,2,33.93474334250133,3.093899973111372,0.0710492603550295,8.103387764219702,-2.9024775454983907,0.1848533206217035,0.0072983703250547,-0.017112184822912,0.0610912932446722,0.0,8.607512367660469,0.18499734147893032,-0.0782034780675842,0.8660254037844386,0.5000000000000001,33.901026994892085,33.94604695406977,2.285511019729888,2.1997427452583347,26.630782282860526,0,0,0,0,0,0,0,0,0,0,0,0,0,0,0,0,0,0
2015,3,33.90428181368359,3.015359256899997,0.0424082840236686,9.016051807347134,-3.305312096014531,0.1889788469509083,0.0204081308723843,-0.0228655120501151,0.1342127760486489,0.0,9.602826575796707,0.19007760625754733,-0.157078288098764,1.0,6.123233995736766e-17,33.93474334250133,33.901026994892085,3.093899973111372,2.285511019729888,28.955972007733898,0,0,0,0,0,0,0,0,0,0,0,0,0,0,0,0,0,0
2015,4,33.98321797811283,2.664615818153226,0.0567677514792899,7.878544765816637,-1.725572938749776,0.1792065448915729,0.0283582172942152,-0.0219258002540063,0.1000863701634153,0.0,8.065300341210008,0.1814364192219447,-0.1220121704174216,0.8660254037844387,-0.4999999999999998,33.90428181368359,33.93474334250133,3.015359256899997,3.093899973111372,21.4909268673448,0,0,0,0,0,0,0,0,0,0,0,0,0,0,0,0,0,0
2015,5,34.014687752718686,2.435108744960273,0.040969674556213,9.54356339979454,-2.527803083672326,0.1833026419748389,0.0368604102681188,-0.0369726677133134,0.1082409740199704,0.0,9.872658750089625,0.1869720524572857,-0.1452136417332838,0.49999999999999994,-0.8660254037844387,33.98321797811283,33.90428181368359,2.664615818153226,3.015359256899997,24.040997658351806,0,0,0,0,0,0,0,0,0,0,0,0,0,0,0,0,0,0
2015,6,33.84248102245301,1.9200906868656653,0.069430473372781,7.262710502161783,-0.7871871100374933,0.1615656823134766,0.0098156120280939,-0.0409352603043324,0.1055124948716022,0.0,7.305246565614349,0.16186357200094562,-0.1464477551759346,1.2246467991473532e-16,-1.0,34.014687752718686,33.98321797811283,2.435108744960273,2.664615818153226,14.026735895893497,0,0,0,0,0,0,0,0,0,0,0,0,0,0,0,0,0,0
2015,7,33.72611632337639,1.3727648099347534,0.0663171597633136,10.804792632718058,-1.1524026330406143,0.1702698048193162,0.0397485394413808,-0.049564328220998,0.0938743162437303,0.0,10.866074528765084,0.17484779901654765,-0.14343864446472832,-0.4999999999999997,-0.8660254037844388,33.84248102245301,34.014687752718686,1.9200906868656653,2.435108744960273,14.916564735217065,0,0,0,0,0,0,0,0,0,0,0,0,0,0,0,0,0,0
2015,8,33.80274864498651,1.1898615882165076,0.0766849112426035,8.653710355420085,-2.1161641623141496,0.1765521472380579,0.0283083894851268,-0.0344564838874974,0.0721250793637608,0.0,8.908695397047065,0.17880723030574158,-0.1065815632512582,-0.8660254037844385,-0.5000000000000004,33.72611632337639,33.84248102245301,1.3727648099347534,1.9200906868656653,10.600114454067512,0,0,0,0,0,0,0,0,0,0,0,0,0,0,0,0,0,0
2015,9,33.86937571795934,1.2083638783164057,0.0625622781065088,8.52318254448253,-4.167718632334083,0.200038885322989,0.0067328493162746,-0.02076989645965,0.0949967965571838,0.0,9.487598183148167,0.20015215937176295,-0.11576669301683379,-1.0,-1.8369701987210297e-16,33.80274864498651,33.72611632337639,1.1898615882165076,1.3727648099347534,11.464470936496603,0,0,0,0,0,0,0,0,0,0,0,0,0,0,0,0,0,0
2015,10,33.84955133556981,1.0740465497668092,0.0581492603550296,9.868129177206368,-2.5606956393761044,0.1960818872252512,0.022731694858349,-0.0413543889464358,0.1064730875590849,0.0,10.194956381248105,0.19739512772342993,-0.1478274765055207,-0.8660254037844386,0.5000000000000001,33.86937571795934,33.80274864498651,1.2083638783164057,1.1898615882165076,10.949857726302643,0,0,0,0,0,0,0,0,0,0,0,0,0,0,0,0,0,0
2015,11,33.61723847291296,1.2403249229669122,0.0598571005917159,7.150819269157726,-0.7078286478152642,0.1782926333794017,0.0052102285322937,-0.0257961716524948,0.0872564597948063,0.0,7.185766320638698,0.17836874613765855,-0.1130526314473011,-0.5000000000000004,0.8660254037844384,33.84955133556981,33.86937571795934,1.0740465497668092,1.2083638783164057,8.912685058104426,0,0,0,0,0,0,0,0,0,0,0,0,0,0,0,0,0,0
2015,12,33.81192339656937,1.781543193620902,0.0579559171597633,6.164036343083579,-1.545096149811378,0.1803585819475705,0.0165286218948898,-0.0210539828875713,0.0941675062010274,0.0,6.35473572629241,0.18111436559224875,-0.1152214890885987,-2.4492935982947064e-16,1.0,33.61723847291296,33.84955133556981,1.2403249229669122,1.0740465497668092,11.321236180435823,0,0,0,0,0,0,0,0,0,0,0,0,0,0,0,0,0,0
2016,1,33.962148270264706,2.3962186904754588,0.08288224852071,9.12582339901896,-3.0828024607438307,0.1929446925249325,0.0199996326173815,-0.0171462688043978,0.0906261353803104,0.0,9.632461976153875,0.19397845158256874,-0.10777240418470821,0.49999999999999994,0.8660254037844387,33.81192339656937,33.61723847291296,1.781543193620902,1.2403249229669122,23.08148542255409,0,0,0,0,0,0,0,0,0,0,0,0,0,0,0,0,0,0
2016,2,34.14779610871462,3.1426238840519227,0.1003292899408284,7.091389792910694,-2.3379867990341414,0.1764919909499806,0.0128832116031457,-0.0123618223742973,0.0753318741476747,0.0,7.466859545180684,0.1769615777808829,-0.087693696521972,0.8660254037844386,0.5000000000000001,33.962148270264706,33.81192339656937,2.3962186904754588,1.781543193620902,23.465531145545896,0,0,0,0,0,0,0,0,0,0,0,0,0,0,0,0,0,0
2016,3,33.78485053387028,3.088319743912073,0.0874566568047337,7.830750646675832,-0.8475765837866196,0.1835165458067303,0.0229426520804494,-0.0348934978907983,0.0793810060038369,0.0,7.876486637822562,0.18494509420181518,-0.1142745038946352,1.0,6.123233995736766e-17,34.14779610871462,33.962148270264706,3.1426238840519227,2.3962186904754588,24.32510919624704,0,0,0,0,0,0,0,0,0,0,0,0,0,0,0,0,0,0
2016,4,34.01145339558759,2.852041849466886,0.0916445266272189,7.748641810473606,-1.76642221900133,0.1869854988515123,0.0138629651333952,-0.0322943566554396,0.0799010914458325,0.0,7.94743338209269,0.1874986895501903,-0.1121954481012721,0.8660254037844387,-0.4999999999999998,33.78485053387028,34.14779610871462,3.088319743912073,3.1426238840519227,22.666412601578504,0,0,0,0,0,0,0,0,0,0,0,0,0,0,0,0,0,0
2016,5,34.03129036477117,1.977997188084556,0.0851211538461538,8.84421534933282,-3.908245023185685,0.1853266876389289,-0.0024421542380749,-0.0266780133342601,0.101048373611721,0.0,9.66925665739771,0.18534277776201497,-0.1277263869459811,0.49999999999999994,-0.8660254037844387,34.01145339558759,33.78485053387028,2.852041849466886,3.088319743912073,19.125762479200542,0,0,0,0,0,0,0,0,0,0,0,0,0,0,0,0,0,0
2016,6,34.08553375003953,1.452863872851405,0.0601963017751479,8.930178543519691,-2.449713438220278,0.1746754929776022,-0.0041518180835,-0.0367212758438121,0.0986849767921944,0.0,9.260085569180044,0.17472482777317835,-0.1354062526360065,1.2246467991473532e-16,-1.0,34.03129036477117,34.01145339558759,1.977997188084556,2.852041849466886,13.453643782974325,0,0,0,0,0,0,0,0,0,0,0,0,0,0,0,0,0,0
2016,7,33.93136266897519,1.0429055884472125,0.0706313609467455,9.405727018266036,-2.4461878164280098,0.1687384592310646,-0.0015335781945772,-0.0337929176111545,0.0992245081613755,0.0,9.718617986904338,0.16874542804399925,-0.13301742577253,-0.4999999999999997,-0.8660254037844388,34.08553375003953,34.03129036477117,1.452863872851405,1.977997188084556,10.135601010526132,0,0,0,0,0,0,0,0,0,0,0,0,0,0,0,0,0,0
2016,8,33.85883830853875,0.9649102666555176,0.0655656804733727,7.962311431501039,-2.8694694204443305,0.1629641670623474,-0.0110989286703437,-0.0405728636232353,0.1120618899193035,0.0,8.46358423406285,0.16334168471016225,-0.1526347535425388,-0.8660254037844385,-0.5000000000000004,33.93136266897519,34.08553375003953,1.0429055884472125,1.452863872851405,8.16659932015102,0,0,0,0,0,0,0,0,0,0,0,0,0,0,0,0,0,0
2016,9,33.79358048004621,0.7709896277374528,0.0681502958579881,10.152355226539296,-0.3154549154683055,0.1493855764725681,0.0006429225262516,-0.0465907436415288,0.0767356827414247,0.0,10.157254966256033,0.14938695996443682,-0.12332642638295349,-1.0,-1.8369701987210297e-16,33.85883830853875,33.93136266897519,0.9649102666555176,1.0429055884472125,7.831138225268133,0,0,0,0,0,0,0,0,0,0,0,0,0,0,0,0,0,0
2016,10,33.75561560298942,0.4779604779596213,0.0676056213017751,7.639627284552219,-2.6897714998595106,0.1476526397153647,-0.0044629761808656,-0.0267084259429627,0.0990191352437939,0.0,8.099307116558254,0.14772007369110762,-0.1257275611867566,-0.8660254037844386,0.5000000000000001,33.79358048004621,33.85883830853875,0.7709896277374528,0.9649102666555176,3.8711487005719456,0,0,0,0,0,0,0,0,0,0,0,0,0,0,0,0,0,0
2016,11,33.84283005311816,0.63764199758191,0.0822525147928994,8.203214291284775,-0.1214439974127877,0.1440938282696001,0.0147738625125314,-0.0201446474832895,0.0818990673539201,0.0,8.204113197247242,0.14484922629730607,-0.10204371483720959,-0.5000000000000004,0.8660254037844384,33.75561560298942,33.79358048004621,0.4779604779596213,0.7709896277374528,5.231287127480842,0,0,0,0,0,0,0,0,0,0,0,0,0,0,0,0,0,0
2016,12,33.99017279635497,1.661722619853214,0.0859963017751479,5.431036888494999,-1.9573835832832835,0.1503082682384101,-0.0075696936642169,-0.0118964516155465,0.0893959970869256,0.0,5.772998542897819,0.1504987566825717,-0.1012924487024721,-2.4492935982947064e-16,1.0,33.84283005311816,33.75561560298942,0.63764199758191,0.4779604779596213,9.593122263112951,0,0,0,0,0,0,0,0,0,0,0,0,0,0,0,0,0,0
2017,1,34.046520783250415,2.471056921289809,0.0957032544378698,7.7643288811283,-2.481337372367904,0.1581822461586379,-0.0050712748503514,-0.0168120082269406,0.0764998373900644,0.0,8.151186301995109,0.15826351704799094,-0.09331184561700501,0.49999999999999994,0.8660254037844387,33.99017279635497,33.84283005311816,1.661722619853214,0.63764199758191,20.142045328267695,0,0,0,0,0,0,0,0,0,0,0,0,0,0,0,0,0,0
2017,2,33.95199408108459,3.0015975660451595,0.0995905325443787,7.4756351279083795,-2.6838961120187883,0.1658065350558856,-0.0173607100601743,-0.0194708502151556,0.0663468626123913,0.0,7.942821847789821,0.1667129308752985,-0.0858177128275469,0.8660254037844386,0.5000000000000001,34.046520783250415,33.99017279635497,2.471056921289809,1.661722619853214,23.841154725856242,0,0,0,0,0,0,0,0,0,0,0,0,0,0,0,0,0,0
2017,3,33.862162975951854,2.872670769919454,0.0943812130177514,5.903719924610748,-1.0212734039189548,0.1427745517603667,-0.0097599970236229,-0.0231121626390507,0.1206516909176075,0.0,5.991402866925085,0.1431077572051032,-0.1437638535566582,1.0,6.123233995736766e-17,33.95199408108459,34.046520783250415,3.0015975660451595,2.471056921289809,17.21132788662731,0,0,0,0,0,0,0,0,0,0,0,0,0,0,0,0,0,0
2017,4,33.90488617370974,2.8280290294907933,0.1146534023668639,6.877177977703027,-3.6057493651407007,0.1549768228222996,-0.0089115912277945,-0.0096938485753606,0.0763022970165726,0.0,7.765114643147006,0.15523283180534247,-0.08599614559193319,0.8660254037844387,-0.4999999999999998,33.862162975951854,33.95199408108459,2.872670769919454,3.0015975660451595,21.959969628143774,0,0,0,0,0,0,0,0,0,0,0,0,0,0,0,0,0,0
2017,5,33.98455799776174,2.334211629444933,0.0920063609467455,8.974632605998474,-2.2897259450170417,0.1651688714307793,0.0113831697226971,-0.035114558865509,0.1154797570945243,0.0,9.262120454622426,0.16556066151913332,-0.1505943159600333,0.49999999999999994,-0.8660254037844387,33.90488617370974,33.862162975951854,2.8280290294907933,2.872670769919454,21.619749278499455,0,0,0,0,0,0,0,0,0,0,0,0,0,0,0,0,0,0
2017,6,33.94548521654285,1.5942687020379005,0.0646687869822485,3.626459571736804,0.2674027183947302,0.1444893152888357,-0.0126367272511565,-0.0505259893173296,0.0885081996579141,0.0,3.6363048881036333,0.1450408532388606,-0.1390341889752437,1.2246467991473532e-16,-1.0,33.98455799776174,33.90488617370974,2.334211629444933,2.8280290294907933,5.797247074171052,0,0,0,1,0,0,0,0,0,0,1,0,0,0,0,0,0,0
2017,7,33.70989211546189,0.9837721673600904,0.0699550295857988,8.8340373709357,-0.0557070072658429,0.1662365686170448,0.0200857057538539,-0.0499786581601616,0.1372363412168604,0.0,8.834213012020202,0.1674456100386028,-0.18721499937702202,-0.4999999999999997,-0.8660254037844388,33.94548521654285,33.98455799776174,1.5942687020379005,2.334211629444933,8.690852881755827,0,0,0,0,0,0,0,0,0,0,0,0,0,0,0,0,0,0
2017,8,33.59735503434919,0.5599961699606819,0.0686979289940828,9.612783752249545,-0.7791073556394267,0.1748490488299956,0.0282515230493553,-0.0392714102019572,0.0884894873263568,0.0,9.644305041791467,0.17711673673417327,-0.127760897528314,-0.8660254037844385,-0.5000000000000004,33.70989211546189,33.94548521654285,0.9837721673600904,1.5942687020379005,5.400773885335716,0,0,0,0,0,0,0,0,0,0,0,0,0,0,0,0,0,0
2017,9,33.92079398623426,0.749477793898753,0.094067899408284,7.586040960966483,-0.1475579772080105,0.1869803991819009,0.0219561463452155,-0.0423289357116941,0.0655550082054363,0.0,7.587475918782148,0.18826508449671575,-0.10788394391713041,-1.0,-1.8369701987210297e-16,33.59735503434919,33.70989211546189,0.5599961699606819,0.9837721673600904,5.686644712868758,0,0,0,0,0,0,0,0,0,0,0,0,0,0,0,0,0,0
2017,10,33.76684539342254,0.8793958574197482,0.0879307692307692,7.191729993509823,-0.9477023357999396,0.1837201768976013,0.0104517282870909,-0.0272096968834569,0.1075716752272385,0.0,7.2539037777481905,0.18401723295244143,-0.1347813721106954,-0.8660254037844386,0.5000000000000001,33.92079398623426,33.59735503434919,0.749477793898753,0.5599961699606819,6.379052932273221,0,0,0,0,0,0,0,0,0,0,0,0,0,0,0,0,0,0
2017,11,34.11803664495407,1.5120428656114917,0.109410798816568,7.755611376649529,-1.67755336063148,0.1838275197033698,0.0125953448049795,-0.0136691098206141,0.0753630688909948,0.0,7.934966484074245,0.1842585132661423,-0.0890321787116089,-0.5000000000000004,0.8660254037844384,33.76684539342254,33.92079398623426,0.8793958574197482,0.749477793898753,11.998009461110763,0,0,0,0,0,0,0,0,0,0,0,0,0,0,0,0,0,0
2017,12,34.23802155681353,1.9584495649291915,0.1154890532544379,8.70775092141868,-1.1384481870122916,0.1758402057168399,0.0194261533585507,-0.0171705238609271,0.0694678267078287,0.0,8.781855748301691,0.17691001492524527,-0.0866383505687558,-2.4492935982947064e-16,1.0,34.11803664495407,33.76684539342254,1.5120428656114917,0.8793958574197482,17.198821569532367,0,0,0,0,0,0,0,0,0,0,0,0,0,0,0,0,0,0
2018,1,34.01565937095699,2.5489486927879605,0.1205815088757396,6.583510177375297,-1.7233661402612044,0.1713020052738796,-0.0047661072413365,-0.0165441318156098,0.0649170847334099,0.0,6.80533592918108,0.17136829575241797,-0.0814612165490197,0.49999999999999994,0.8660254037844387,34.23802155681353,34.11803664495407,1.9584495649291915,1.5120428656114917,17.346452120669056,0,0,0,0,0,0,0,0,0,0,0,0,0,0,0,0,0,0
2018,2,34.10413630965751,3.2044420247403105,0.1114468934911242,8.626073866906252,-2.1973616544311567,0.1864258667876731,0.0019082161808006,-0.0191105835183837,0.0697518749349921,0.0,8.90154753948365,0.18643563258274395,-0.0888624584533758,0.8660254037844386,0.5000000000000001,34.01565937095699,34.23802155681353,2.5489486927879605,1.9584495649291915,28.524493020745116,0,0,0,0,0,0,0,0,0,0,0,0,0,0,0,0,0,0
2018,3,33.930786690341805,3.1920904993708183,0.1185282544378698,6.462157079454005,-0.072660328635392,0.1712261115944084,0.0036514414310422,-0.0258658731345241,0.087262147982445,0.0,6.46256556198039,0.1712650411387716,-0.1131280211169691,1.0,6.123233995736766e-17,34.10413630965751,34.01565937095699,3.2044420247403105,2.5489486927879605,20.629094131958635,0,0,0,0,0,0,0,0,0,0,0,0,0,0,0,0,0,0
2018,4,34.03581488434807,2.9896404657207056,0.0891896449704141,7.248229939556686,-1.9132310222591875,0.183682530294875,0.0125028539019996,-0.032138053834791,0.1201010032518375,0.0,7.496485189822018,0.18410755902792914,-0.1522390570866285,0.8660254037844387,-0.4999999999999998,33.930786690341805,34.10413630965751,3.1920904993708183,3.2044420247403105,22.41179547416787,0,0,0,0,0,0,0,0,0,0,0,0,0,0,0,0,0,0
2018,5,34.05470262577295,2.483864231558994,0.0799088757396449,6.544881950468707,-2.460989205971272,0.1887234119511038,0.0034607889953196,-0.028177219779181,0.142183134541709,0.0,6.992277713125972,0.18875514106623997,-0.17036035432089,0.49999999999999994,-0.8660254037844387,34.03581488434807,33.930786690341805,2.9896404657207056,3.1920904993708183,17.367868508760722,0,0,0,0,0,0,0,0,0,0,0,0,0,0,0,0,0,0
2018,6,34.14782044080076,2.1342593211318777,0.0554680473372781,3.8415637167953176,-0.2812471918413173,0.1682640045268885,0.0046599067478253,-0.0449936885452834,0.1473359102328148,0.0,3.851845242622928,0.16832851793538486,-0.19232959877809822,1.2246467991473532e-16,-1.0,34.05470262577295,34.03581488434807,2.483864231558994,2.9896404657207056,8.220836612625464,0,0,0,0,0,0,0,0,1,0,1,0,0,0,0,0,0,0
2018,7,34.12710556798863,1.6665837573662423,0.0766412721893491,7.113318137868622,-0.798088393400054,0.1787885946790638,0.0083882866285055,-0.0325430342872467,0.1414008281640047,0.0,7.157949428028295,0.1789852645886709,-0.1739438624512514,-0.4999999999999997,-0.8660254037844388,34.14782044080076,34.05470262577295,2.1342593211318777,2.483864231558994,11.92932225280094,0,0,0,0,0,0,0,0,0,0,0,0,0,0,0,0,0,0
2018,8,33.72239103797193,1.177158782621453,0.0770618343195266,9.102554651407097,1.6675203717671907,0.1780842902612756,0.0201652096966749,-0.0669151888884736,0.1048416498850083,0.0,9.254032924736737,0.1792223482715622,-0.1717568387734819,-0.8660254037844385,-0.5000000000000004,34.12710556798863,34.14782044080076,1.6665837573662423,2.1342593211318777,10.893466132021942,0,0,0,0,0,0,0,0,0,0,0,0,0,0,0,0,0,0
2018,9,33.748069223650006,1.0026020485960143,0.0988245562130177,6.526169422110157,0.4672796613398661,0.189810082930851,0.0122759785968465,-0.0480157306649275,0.067774755714913,0.0,6.542876860218868,0.19020664350312996,-0.11579048637984049,-1.0,-1.8369701987210297e-16,33.72239103797193,34.12710556798863,1.177158782621453,1.6665837573662423,6.559901743766895,0,0,0,0,0,0,0,0,0,0,0,0,0,0,0,0,0,0
2018,10,33.75032272553708,0.9949097887946728,0.1040224852071005,6.959247203268243,-2.7048378124744934,0.209950576820335,0.0086367787016946,-0.0158441525459642,0.1118528433805386,0.0,7.466409393275235,0.21012814817042821,-0.1276969959265028,-0.8660254037844386,0.5000000000000001,33.748069223650006,33.72239103797193,1.0026020485960143,1.177158782621453,7.428403792518026,0,0,0,0,0,0,0,0,0,0,0,0,0,0,0,0,0,0
2018,11,33.87419043453792,1.687861895212202,0.0882736686390532,8.930464988629494,-2.7059083073096866,0.20705945785922,0.0233658198289609,-0.0144360311461623,0.1025915428026188,0.0,9.331406361353295,0.20837365626497406,-0.1170275739487811,-0.5000000000000004,0.8660254037844384,33.75032272553708,33.748069223650006,0.9949097887946728,1.0026020485960143,15.75012522606897,0,0,0,0,0,0,0,0,0,0,0,0,0,0,0,0,0,0
2018,12,33.97284335525632,2.41271038699556,0.075641124260355,7.1303601497729145,-2.9022462523195167,0.19824088814554,0.0138606179013749,-0.0223075124991716,0.0803550404204419,0.0,7.698380945015146,0.19872485114182478,-0.10266255291961351,-2.4492935982947064e-16,1.0,33.87419043453792,33.75032272553708,1.687861895212202,0.9949097887946728,18.57396366908674,0,0,0,0,0,0,0,0,0,0,0,0,0,0,0,0,0,0
2019,1,33.89337032931978,3.109594795927473,0.0982778106508875,6.551779945221173,-1.5323502356131402,0.1871607579957671,0.0156784889339221,-0.0208573109034955,0.0598840487779245,0.0,6.728589576960837,0.18781630480019887,-0.08074135968142,0.49999999999999994,0.8660254037844387,33.97284335525632,33.87419043453792,2.41271038699556,1.687861895212202,20.923187132449254,0,0,0,0,0,0,0,0,0,0,0,0,0,0,0,0,0,0
2019,2,33.90581282325942,3.127171316408276,0.1053263313609467,8.405881102973893,-2.3568260937752807,0.2038566811594384,0.0184644860885045,-0.0154775381969982,0.0980984840167344,0.0,8.730032437146706,0.20469119106559885,-0.1135760222137326,0.8660254037844386,0.5000000000000001,33.89337032931978,33.97284335525632,3.109594795927473,2.41271038699556,27.300307028759015,0,0,0,0,0,0,0,0,0,0,0,0,0,0,0,0,0,0
2019,3,33.933934757965986,3.393974919366844,0.0915230769230769,9.083569192322049,-1.6260698954381887,0.2161069424194697,0.0128355453174307,-0.0309924764128831,0.1355485746846396,0.0,9.227964703906956,0.21648778668896732,-0.1665410510975227,1.0,6.123233995736766e-17,33.90581282325942,33.89337032931978,3.127171316408276,3.109594795927473,31.319480761862692,0,0,0,0,0,1,0,0,0,0,0,1,0,0,0,0,0,0
2019,4,33.81073223008403,2.965142931751503,0.0999976331360946,7.68308054695468,-2.841356149439276,0.2178586146314821,-0.0159746090753745,-0.0200478512154528,0.1112016982580783,0.0,8.191644002210412,0.21844350323197909,-0.1312495494735311,0.8660254037844387,-0.4999999999999998,33.933934757965986,33.90581282325942,3.393974919366844,3.127171316408276,24.289395312578794,0,0,0,0,0,1,0,0,0,0,0,1,0,0,0,0,0,0
2019,5,33.990353421491,2.4937220286282136,0.0956210059171597,5.786493932001689,-1.7249590604615634,0.1850655651256957,-0.0298161536449385,-0.0258643766258947,0.1380606318366598,0.0,6.0381285002358815,0.1874520376348886,-0.16392500846255448,0.49999999999999994,-0.8660254037844387,33.81073223008403,33.933934757965986,2.965142931751503,3.393974919366844,15.057414052726056,0,0,0,0,0,0,0,0,0,0,0,0,0,0,0,0,0,0
2019,6,33.9862914632884,2.215240088552586,0.0724841715976331,7.953738474281581,-2.2954815668467234,0.2013786804570249,-0.024112290415855,-0.0442923226300076,0.0948390170667298,0.0,8.278356801986744,0.20281709861772274,-0.1391313396967374,1.2246467991473532e-16,-1.0,33.990353421491,33.81073223008403,2.4937220286282136,2.965142931751503,18.338547855103016,0,0,0,0,0,0,0,0,0,0,0,0,0,0,0,0,0,0
2019,7,33.886738470179615,1.3868700778004268,0.0710306213017751,6.682458395083275,0.6145998206893368,0.1751163161422843,-0.0027268233915648,-0.0663741928189111,0.1027823228102464,0.0,6.710661900409699,0.17513754521818914,-0.1691565156291575,-0.4999999999999997,-0.8660254037844388,33.9862914632884,33.990353421491,2.215240088552586,2.4937220286282136,9.306816191913558,0,0,0,0,0,0,0,0,0,0,0,0,0,0,0,0,0,0
2019,8,33.71118137938699,1.0735245035864565,0.0860958579881656,7.963663064516508,-0.7479311088926693,0.1950277107955127,0.0133211762143558,-0.0579946574330682,0.1067893688495342,0.0,7.998708042477477,0.1954821263283988,-0.1647840262826024,-0.8660254037844385,-0.5000000000000004,33.886738470179615,33.9862914632884,1.3868700778004268,2.215240088552586,8.58680908063363,0,0,0,0,0,0,0,0,0,0,0,0,0,0,0,0,0,0
2019,9,33.575332371172934,0.958335284299458,0.1121943786982248,7.775725536092499,-0.3189129805820581,0.1934238110425105,0.0104542586414457,-0.0314683407633262,0.0643960399740546,0.0,7.7822627237728685,0.1937061232949311,-0.0958643807373808,-1.0,-1.8369701987210297e-16,33.71118137938699,33.886738470179615,1.0735245035864565,1.3868700778004268,7.458016959879947,0,0,0,0,0,0,0,0,0,0,0,0,0,0,0,0,0,0
2019,10,33.77413507533192,1.096775600604452,0.1067316568047337,8.739296451122803,-2.105347182623733,0.2103663230529771,0.0145329817408918,-0.0449523271100055,0.0992885341305704,0.0,8.98931528093154,0.21086772496783526,-0.1442408612405759,-0.8660254037844386,0.5000000000000001,33.575332371172934,33.71118137938699,0.958335284299458,1.0735245035864565,9.859261666266468,0,0,0,0,0,0,0,0,0,0,0,0,0,0,0,0,0,0
2019,11,33.786276351882485,1.4548821173822306,0.1099680473372781,4.080195948569732,1.0422685604829054,0.1836315964527456,-0.0153545484941496,-0.0296727651675071,0.0600130882488905,0.0,4.211213926042698,0.18427242163504337,-0.08968585341639759,-0.5000000000000004,0.8660254037844384,33.77413507533192,33.575332371172934,1.096775600604452,0.958335284299458,6.126819833470537,0,0,0,0,0,0,0,0,0,0,0,0,0,0,0,0,0,0
2019,12,34.04028194921312,1.9565035829150428,0.0915659763313609,6.617469302295933,-0.6832818927673193,0.1870899021986475,-0.000996922374601,-0.0171969669634068,0.0694412366878351,0.0,6.652651660188794,0.1870925582670793,-0.08663820365124189,-2.4492935982947064e-16,1.0,33.786276351882485,33.77413507533192,1.4548821173822306,1.096775600604452,13.015936809045083,0,0,0,0,0,0,0,0,0,0,0,0,0,0,0,0,0,0
2020,1,33.887811225443926,3.065809246228546,0.0902180473372781,6.990576081727383,-1.977745027231747,0.1849101341147659,-0.0091522567492693,-0.0124607884363662,0.0851793797058466,0.0,7.264959005194653,0.18513649424666453,-0.0976401681422128,0.49999999999999994,0.8660254037844387,34.04028194921312,33.786276351882485,1.9565035829150428,1.4548821173822306,22.272978491597105,0,0,0,0,0,0,0,0,0,0,0,0,0,0,0,0,0,0
2020,2,33.77569667034922,3.3456819288909,0.0639057692307692,8.417291367547753,-1.5014016346113217,0.1910071315673681,0.0118443681736209,-0.0188470601859177,0.0997396841557068,0.0,8.550146246387103,0.1913740143463217,-0.1185867443416245,0.8660254037844386,0.5000000000000001,33.887811225443926,34.04028194921312,3.065809246228546,1.9565035829150428,28.60606978591169,0,0,0,0,0,0,0,0,0,0,0,0,0,0,0,0,0,0
2020,3,33.99629444273919,3.2647145672264526,0.0724310650887574,8.986104575839974,-3.4238203167915344,0.2039305104615067,0.0266284635936298,-0.0174255166312999,0.0990703910060183,0.0,9.61626855956127,0.20566168376838687,-0.11649590763731821,1.0,6.123233995736766e-17,33.77569667034922,33.887811225443926,3.3456819288909,3.065809246228546,31.394372048761415,0,0,0,0,0,0,0,0,0,0,0,0,0,0,0,0,0,0
2020,4,33.862083615751104,2.6188934325874293,0.0365278106508875,6.318804732441197,-2.033476998291072,0.1793288833078702,0.0010483245501024,-0.0228415530990566,0.1303082528198964,0.0,6.637945612107719,0.1793319474405218,-0.153149805918953,0.8660254037844387,-0.4999999999999998,33.99629444273919,33.77569667034922,3.2647145672264526,3.3456819288909,17.38407216942145,0,0,0,0,0,0,0,0,0,0,0,0,0,0,0,0,0,0
2020,5,33.97537376571151,2.18807305664725,0.0081110946745562,8.198208329945626,-1.3627492102998249,0.191431528805981,0.016582126741934,-0.038749690393548,0.1373825863268248,0.0,8.3106982397006,0.19214837274429541,-0.1761322767203728,0.49999999999999994,-0.8660254037844387,33.862083615751104,33.99629444273919,2.6188934325874293,3.2647145672264526,18.184414900214612,0,0,0,0,0,0,0,0,0,0,0,0,0,0,0,0,0,0
2020,6,33.92123652811303,1.5582977955440829,0.0470896449704142,5.00607663992594,-1.209593639571286,0.1816646532987701,-0.0026595791214222,-0.0316098510954507,0.0995297403730584,0.0,5.15013787171795,0.1816841204378232,-0.1311395914685091,1.2246467991473532e-16,-1.0,33.97537376571151,33.862083615751104,2.18807305664725,2.6188934325874293,8.025448492246177,0,0,0,0,0,0,0,0,0,0,0,0,0,0,0,0,0,0
2020,7,33.77452008209034,1.335853663594292,0.0219002958579881,7.366158428276784,-1.0030209584349006,0.2002849305791163,-0.0017528334643838,-0.0558771291560322,0.1531893036069249,0.0,7.434133509262042,0.2002926005678575,-0.2090664327629571,-0.4999999999999997,-0.8660254037844388,33.92123652811303,33.97537376571151,1.5582977955440829,2.18807305664725,9.930914483996789,0,0,0,0,0,0,0,0,1,0,0,0,1,0,0,0,0,0
2020,8,33.75311401649391,0.946279803242966,0.040948224852071,7.839828825561253,1.6916748126582986,0.1824138493872297,0.040766041167907,-0.0649418652763028,0.0961677054681721,0.0,8.020266808896299,0.18691356976092027,-0.1611095707444749,-0.8660254037844385,-0.5000000000000004,33.77452008209034,33.92123652811303,1.335853663594292,1.5582977955440829,7.589416497878481,0,0,0,0,0,0,0,0,0,0,0,0,0,0,0,0,0,0
2020,9,33.80245300602434,0.4896937760367396,0.0732819526627218,5.191854611656369,-1.390050737991841,0.1806915562431818,0.0274932658433784,-0.0365163011134728,0.0932507261016665,0.0,5.374718165891973,0.18277121809606023,-0.1297670272151393,-1.0,-1.8369701987210297e-16,33.75311401649391,33.77452008209034,0.946279803242966,1.335853663594292,2.6319660337888995,0,0,0,0,0,0,0,0,0,0,0,0,0,0,0,0,0,0
2020,10,33.69493990424026,0.732202694074918,0.0968221893491124,7.456943811749565,-3.1018101809292857,0.1976565545431363,0.0252373504083701,-0.0178760695960042,0.0803071084107167,0.0,8.076338118857253,0.19926122906752,-0.0981831780067209,-0.8660254037844386,0.5000000000000001,33.80245300602434,33.75311401649391,0.4896937760367396,0.946279803242966,5.913516528887236,0,0,0,0,0,0,0,0,0,0,0,0,0,0,0,0,0,0
2020,11,33.57347565400226,1.111555201979262,0.0926210059171597,7.6954150482042305,-1.231452621916342,0.1803677168360652,0.0248908121271414,-0.0210779438004691,0.0635394260022767,0.0,7.793323317054974,0.18207708753438376,-0.0846173698027458,-0.5000000000000004,0.8660254037844384,33.69493990424026,33.80245300602434,0.732202694074918,0.4896937760367396,8.662709073778734,0,0,0,0,0,0,0,0,0,0,0,0,0,0,0,0,0,0
2020,12,33.729235694143945,1.724199236131882,0.0982680473372781,7.866014897470643,-0.457577282535298,0.1862122165627285,0.0216063044051854,-0.0235002408101713,0.0705170828915206,0.0,7.879312618288634,0.18746152135106028,-0.0940173237016919,-2.4492935982947064e-16,1.0,33.57347565400226,33.69493990424026,1.111555201979262,0.732202694074918,13.585504797697563,0,0,0,0,0,0,0,0,0,0,0,0,0,0,0,0,0,0
2021,1,34.12418201447208,2.419862037914158,0.0947896449704142,8.047697942637832,-1.254040413266103,0.1776209498797653,0.0103216989105425,-0.0229131392914162,0.0881812530156423,0.0,8.14481795585646,0.1779205983145009,-0.11109439230705849,0.49999999999999994,0.8660254037844387,33.729235694143945,33.57347565400226,1.724199236131882,1.111555201979262,19.70933577709864,0,0,0,0,0,0,0,0,0,0,0,0,0,0,0,0,0,0
2021,2,33.9599487493532,2.208628437531024,0.0675461538461538,8.678520656901703,-1.109178830533338,0.1734680624667709,0.0207638172028082,-0.0192094299743866,0.0684454878406411,0.0,8.749114153465646,0.1747063387539421,-0.0876549178150277,0.8660254037844386,0.5000000000000001,34.12418201447208,33.729235694143945,2.419862037914158,1.724199236131882,19.323542322549397,0,0,0,0,0,0,0,0,0,0,0,0,0,0,0,0,0,0
2021,3,34.07740013644741,2.922154448905028,0.0771727810650887,5.279780883055467,-2.183461512334248,0.1749945390616824,0.0096714896768691,-0.0085893513623779,0.1057773736807016,0.0,5.71345695257459,0.17526159423553261,-0.1143667250430795,1.0,6.123233995736766e-17,33.9599487493532,34.12418201447208,2.208628437531024,2.419862037914158,16.695603652593203,0,0,0,0,0,0,0,0,0,0,0,0,0,0,0,0,0,0
2021,4,34.00491550763914,2.4323002414918395,0.0683902366863905,9.340466657333826,-2.155955575803328,0.1923977818626623,0.0213593623043622,-0.0301631789147501,0.1004330787432969,0.0,9.586055592453153,0.1935797737980949,-0.130596257658047,0.8660254037844387,-0.4999999999999998,34.07740013644741,33.9599487493532,2.922154448905028,2.208628437531024,23.316165332478004,0,0,0,0,0,0,0,0,0,0,0,0,0,0,0,0,0,0
2021,5,34.10384703137847,2.0863461072126834,0.0484957100591716,8.261541285458401,-0.2841519935472631,0.1740834964673481,0.0257614487847561,-0.0322848872320186,0.0959899721766364,0.0,8.266426481060032,0.1759793055611563,-0.12827485940865502,0.49999999999999994,-0.8660254037844387,34.00491550763914,34.07740013644741,2.4323002414918395,2.922154448905028,17.24662670931944,0,0,0,0,0,0,0,0,0,0,0,0,0,0,0,0,0,0
2021,6,34.05286809075317,1.5311449361904443,0.0392102071005917,8.2765118144673,-0.1497120642290621,0.169733007773261,0.037767529871944,-0.0473789394607205,0.1121598870091184,0.0,8.277865758587327,0.1738841000217848,-0.1595388264698389,1.2246467991473532e-16,-1.0,34.10384703137847,34.00491550763914,2.0863461072126834,2.4323002414918395,12.674612238725256,0,0,0,0,0,0,0,0,0,0,0,0,0,0,0,0,0,0
2021,7,33.82134833128858,1.3274699073396148,0.0263662721893491,6.6240256121878085,-0.7060381576705438,0.1662198489300421,0.0104562493617034,-0.0503969951890982,0.1171689231014816,0.0,6.661546756647955,0.16654840536324608,-0.1675659182905798,-0.4999999999999997,-0.8660254037844388,34.05286809075317,34.10384703137847,1.5311449361904443,2.0863461072126834,8.843002855785972,0,0,0,0,0,0,0,0,0,0,0,0,0,0,0,0,0,0
2021,8,33.76667463471673,0.7026517308110204,0.0358747041420118,8.675702456186508,-0.7064142983693343,0.18244014019212,0.0165602819854255,-0.0560741694588985,0.1067893688495342,0.0,8.704414642537502,0.18319019540564174,-0.1628635383084327,-0.8660254037844385,-0.5000000000000004,33.82134833128858,34.05286809075317,1.3274699073396148,1.5311449361904443,6.116172014275765,0,0,0,0,0,0,0,0,0,0,0,0,0,0,0,0,0,0
2021,9,33.75297275364629,0.3676632067722248,0.0663366863905325,8.11602844853373,-1.1762810165183784,0.1715593262636788,0.0159287690942743,-0.0420294309685216,0.1039265739847217,0.0,8.200826470986344,0.17229720866254944,-0.1459560049532433,-1.0,-1.8369701987210297e-16,33.76667463471673,33.82134833128858,0.7026517308110204,1.3274699073396148,3.015142158505387,0,0,0,0,0,0,0,0,0,0,0,0,0,0,0,0,0,0
2021,10,33.973311504455644,0.7907191081134143,0.0804473372781065,6.71989422437002,-0.8227169305615171,0.1580469193094246,0.0035740630018363,-0.0192605648961292,0.0827495416945959,0.0,6.770069536906849,0.15808732596113095,-0.1020101065907251,-0.8660254037844386,0.5000000000000001,33.75297275364629,33.76667463471673,0.3676632067722248,0.7026517308110204,5.35322334608878,0,0,0,0,0,0,0,0,0,0,0,0,0,0,0,0,0,0
2021,11,33.5994692233727,1.180536955861463,0.0720878698224852,6.872251727171904,-0.2365440384446252,0.1504798722012552,-0.0074638638251647,-0.0225509096973041,0.0565531126846223,0.0,6.876321464543445,0.1506648638565299,-0.0791040223819264,-0.5000000000000004,0.8660254037844384,33.973311504455644,33.75297275364629,0.7907191081134143,0.3676632067722248,8.117751609276956,0,0,0,0,0,0,0,0,0,0,0,0,0,0,0,0,0,0
2021,12,34.11901735628308,1.5485512156257777,0.0664334319526627,6.687540148842264,-1.28763405299751,0.1560004971530178,0.0021320982207957,-0.0122801441280446,0.0771061598196537,0.0,6.81037404969918,0.15601506643530244,-0.0893863039476983,-2.4492935982947064e-16,1.0,33.5994692233727,33.973311504455644,1.180536955861463,0.7907191081134143,10.546213013527916,0,0,0,0,0,0,0,0,0,0,0,0,0,0,0,0,0,0
2022,1,34.203229875286496,2.77589180663121,0.074205473372781,6.593157182078389,-3.979594270153159,0.1803560054271355,-0.0071766420235921,-0.0004487448542781,0.1023609059802173,0.0,7.701096816858473,0.1804987337472696,-0.10280965083449539,0.49999999999999994,0.8660254037844387,34.11901735628308,33.5994692233727,1.5485512156257777,1.180536955861463,21.377411555991127,0,0,0,0,0,0,0,0,0,0,0,0,0,0,0,0,0,0
2022,2,33.96691023449353,3.0980007760628228,0.0750764792899408,8.06437921735662,-1.1812497340363155,0.1820957991890416,0.0244968560170905,-0.0211935088302962,0.0998169487044656,0.0,8.150433307223256,0.18373615876309654,-0.1210104575347618,0.8660254037844386,0.5000000000000001,34.203229875286496,34.11901735628308,2.77589180663121,1.5485512156257777,25.250048711025926,0,0,0,0,0,0,0,0,0,0,0,0,0,0,0,0,0,0
2022,3,33.823551012940946,3.280689466659422,0.1105575443786982,5.901469452846685,-1.2030372201691013,0.1713773528383989,0.0206346550077914,-0.0252936492348916,0.1041557323297805,0.0,6.02284320367007,0.1726151385400123,-0.1294493815646721,1.0,6.123233995736766e-17,33.96691023449353,34.203229875286496,3.0980007760628228,2.77589180663121,19.759078257621688,0,0,0,0,0,0,0,0,0,0,0,0,0,0,0,0,0,0
2022,4,33.78276353707658,3.2260931231574705,0.0966392011834319,8.736479800128372,-0.6669876438623416,0.1687496161148966,0.0303070641549155,-0.0250449983854971,0.0913475533208903,0.0,8.761903435619232,0.17144955840309167,-0.1163925517063874,0.8660254037844387,-0.4999999999999998,33.823551012940946,33.96691023449353,3.280689466659422,3.0980007760628228,28.26671641942102,0,0,0,0,0,0,0,0,0,0,0,0,0,0,0,0,0,0
2022,5,33.85336426935707,2.468520177693141,0.0469794378698224,7.267787646965162,-0.3759762410504313,0.155672598652233,0.0254753115499108,-0.0400942753802037,0.1161567529983069,0.0,7.277506126085625,0.15774330245593388,-0.1562510283785106,0.49999999999999994,-0.8660254037844387,33.78276353707658,33.823551012940946,3.2260931231574705,3.280689466659422,17.96467071552781,0,0,0,0,0,0,0,0,0,0,0,0,0,0,0,0,0,0
2022,6,34.04940955155541,1.8509708659254067,0.0657097633136094,6.551109366162994,-2.373043789842425,0.1697991413653955,0.0208384092749634,-0.0234327910567176,0.110940989657972,0.0,6.967666091019159,0.17107304787586047,-0.1343737807146896,1.2246467991473532e-16,-1.0,33.85336426935707,33.78276353707658,2.468520177693141,3.2260931231574705,12.896946937972826,0,0,0,0,0,0,0,0,0,0,0,0,0,0,0,0,0,0
2022,7,34.05788276675115,1.620182727672331,0.0817289940828402,6.451879415991744,-1.4677669000343458,0.1658203371238382,-0.0021541450052458,-0.0384488463754484,0.0919899235110311,0.0,6.616727867408059,0.16583432860709804,-0.1304387698864795,-0.4999999999999997,-0.8660254037844388,34.04940955155541,33.85336426935707,1.8509708659254067,2.468520177693141,10.720308204482716,0,0,0,0,0,0,0,0,0,0,0,0,0,0,0,0,0,0
2022,8,33.87493560692497,1.1774269635660215,0.0806748520710059,10.049113873193956,-1.6410187946621484,0.1844769614313304,0.0239912929473521,-0.0503822679041758,0.0869857517219859,0.0,10.18222138439612,0.18603045835621176,-0.13736801962616169,-0.8660254037844385,-0.5000000000000004,34.05788276675115,34.04940955155541,1.620182727672331,1.8509708659254067,11.988822006986537,0,0,0,0,0,0,0,0,0,0,0,0,0,0,0,0,0,0
2022,9,33.80236303304274,0.9978273938703892,0.0838908284023668,7.602802401463661,-1.0251642680732456,0.1653115712216443,0.0067887993766402,-0.0364221718448859,0.076930029152413,0.0,7.671607793170592,0.16545090926539222,-0.1133522009972989,-1.0,-1.8369701987210297e-16,33.87493560692497,34.05788276675115,1.1774269635660215,1.620182727672331,7.65494041105518,0,0,0,0,0,0,0,0,0,0,0,0,0,0,0,0,0,0
2022,10,33.83256758003101,1.2865241170733013,0.0787752958579881,9.216379227722893,-2.109287151570856,0.179864109444195,0.0227613885489243,-0.0362876603633341,0.08954224219689,0.0,9.454667543440326,0.181298589831329,-0.12582990256022408,-0.8660254037844386,0.5000000000000001,33.80236303304274,33.87493560692497,0.9978273938703892,1.1774269635660215,12.163657813546164,0,0,0,0,0,0,0,0,0,0,0,0,0,0,0,0,0,0
2022,11,33.90881842604944,1.5394881312702318,0.0950241124260355,9.23285273687374,-2.671167460066327,0.1898883045072386,0.0084023813306513,-0.0220503232623698,0.072722463212775,0.0,9.611488191768958,0.19007411238950833,-0.0947727864751448,-0.5000000000000004,0.8660254037844384,33.83256758003101,33.80236303304274,1.2865241170733013,0.9978273938703892,14.796771995072291,0,0,0,0,0,0,0,0,0,0,0,0,0,0,0,0,0,0
2022,12,34.10295208248093,1.999986116778024,0.0825282544378698,8.378093576995578,-2.64141778868331,0.1911343214427225,0.0102872549970451,-0.0121865569883902,0.1066095363458938,0.0,8.784619509077624,0.19141096219585804,-0.11879609333428401,-2.4492935982947064e-16,1.0,33.90881842604944,33.83256758003101,1.5394881312702318,1.2865241170733013,17.569117059332626,0,0,0,0,0,0,0,0,0,0,0,0,0,0,0,0,0,0
2023,1,33.9226641753601,2.4093986863633403,0.0822647928994082,7.750035922908219,-2.638887952418017,0.1866608892495815,0.0066362146843798,-0.0124768448122859,0.0744338628103041,0.0,8.186988850107516,0.18677881818017186,-0.08691070762259001,0.49999999999999994,0.8660254037844387,34.10295208248093,33.90881842604944,1.999986116778024,1.5394881312702318,19.725720180720362,0,0,0,0,0,0,0,0,0,0,0,0,0,0,0,0,0,0
2023,2,33.850966454143226,3.013445093252874,0.0945979289940828,8.539568635838977,-1.1386161811605713,0.1851706270062359,-0.0088104695454033,-0.0215375559217125,0.0698439919736963,0.0,8.615142441898767,0.18538011079803848,-0.0913815478954088,0.8660254037844386,0.5000000000000001,33.9226641753601,34.10295208248093,2.4093986863633403,1.999986116778024,25.96125871921442,0,0,0,0,0,0,0,0,0,0,0,0,0,0,0,0,0,0
2023,3,33.771613116270665,3.215124951995871,0.1086619822485207,7.22096776468514,-2.069410156392487,0.172737053474246,-0.0160643634576741,-0.0244240697539416,0.0846547516140006,0.0,7.511646547462299,0.1734824297047536,-0.1090788213679422,1.0,6.123233995736766e-17,33.850966454143226,33.9226641753601,3.013445093252874,2.4093986863633403,24.150882245319675,0,0,0,0,0,0,0,0,0,0,0,0,0,0,0,0,0,0
2023,4,33.9878129097011,3.018791845739732,0.0800094674556212,3.86896913961546,0.1488905812933291,0.1459874192785923,-0.0399689176436734,-0.0358102737358335,0.0782667532475037,0.0,3.8718329778665113,0.1513599714760486,-0.11407702698333722,0.8660254037844387,-0.4999999999999998,33.771613116270665,33.850966454143226,3.215124951995871,3.013445093252874,11.688257821649607,0,0,0,0,0,0,0,0,0,0,1,0,0,0,0,0,0,0
2023,5,34.155530356519826,2.387427890901,0.0654071005917159,8.899540803841585,-1.4358747703789254,0.1693318714470376,-0.0042096963806695,-0.0314370939100282,0.0930171379676232,0.0,9.014630490233754,0.16938419120854664,-0.1244542318776514,0.49999999999999994,-0.8660254037844387,33.9878129097011,33.771613116270665,3.018791845739732,3.215124951995871,21.521780258550617,0,0,0,0,0,0,0,0,0,0,0,0,0,0,0,0,0,0
2023,6,33.9549212957365,1.8602169209455657,0.079678698224852,4.204523692469625,0.8151378135180333,0.1317323554512068,-0.0157150866914287,-0.0418839852749948,0.0916397501025679,0.0,4.28281089187526,0.1326664140709404,-0.1335237353775627,1.2246467991473532e-16,-1.0,34.155530356519826,33.9878129097011,2.387427890901,3.018791845739732,7.966957290276329,0,0,0,0,0,1,0,0,0,0,0,1,0,0,0,0,0,0
2023,7,34.08630463579189,1.808041570581585,0.0910649408284023,7.754795160519301,0.9033296142633144,0.138177686289539,0.0096276612156215,-0.0560291826328229,0.1074114353699091,0.0,7.807230774968719,0.1385126884036731,-0.16344061800273202,-0.4999999999999997,-0.8660254037844388,33.9549212957365,34.155530356519826,1.8602169209455657,2.387427890901,14.115797792267328,0,0,0,0,0,0,0,0,0,0,0,0,0,0,0,0,0,0
2023,8,34.01078617605722,1.5461051381847462,0.1002346153846153,6.357787456738173,-2.2648422353013733,0.1809539501572485,-0.0139634817822825,-0.0225158675006155,0.1014066391442654,0.0,6.749145997521624,0.181491903127925,-0.1239225066448809,-0.8660254037844385,-0.5000000000000004,34.08630463579189,33.9549212957365,1.808041570581585,1.8602169209455657,10.434889305127196,0,0,0,0,0,0,0,0,0,0,0,0,0,0,0,0,0,0
2023,9,33.751554704752955,1.3703702849516906,0.1071565088757396,4.5174955341237535,-0.4817772781222882,0.1678945993778665,-0.0161380934006859,-0.0422944922066299,0.0894105222803601,0.0,4.5431129467076845,0.16866841600863972,-0.13170501448699,-1.0,-1.8369701987210297e-16,34.01078617605722,34.08630463579189,1.5461051381847462,1.808041570581585,6.225746983347524,0,0,0,0,0,0,0,0,0,0,0,0,0,0,0,0,0,0
2023,10,33.819438172450134,1.5223596720233818,0.1176998520710059,7.5755197889000705,-1.117901964917691,0.1661108041469065,-0.0054687887816634,-0.0225096183812477,0.0752280647232687,0.0,7.657558675921681,0.16620080296156928,-0.0977376831045164,-0.8660254037844386,0.5000000000000001,33.751554704752955,34.01078617605722,1.3703702849516906,1.5461051381847462,11.657558514375932,0,0,0,0,0,0,0,0,0,0,0,0,0,0,0,0,0,0
2023,11,33.86275492834577,2.1790068546484576,0.1239655325443787,2.315450347739564,-0.257672818232267,0.1597665709859454,-0.0309427808035962,-0.0178483214515906,0.0825342483069064,0.0,2.329743675622498,0.16273540760531044,-0.10038256975849699,-0.5000000000000004,0.8660254037844384,33.819438172450134,33.751554704752955,1.5223596720233818,1.3703702849516906,5.076527438755316,0,0,0,1,0,0,0,0,0,0,1,0,0,0,0,0,0,0
2023,12,33.95782748277881,3.280065778946697,0.0968525147928994,7.907919131087128,-1.272368435147246,0.1878674867230236,-0.0038662093762823,-0.0251620822095659,0.1038455737413033,0.0,8.009625860086903,0.18790726474132582,-0.1290076559508692,-2.4492935982947064e-16,1.0,33.86275492834577,33.819438172450134,2.1790068546484576,1.5223596720233818,26.272099685837553,0,0,0,0,0,0,0,0,0,0,0,0,0,0,0,0,0,0
2024,1,33.746122578911624,3.748303981880261,0.0949295857988165,6.530791365183317,-2.857975284023398,0.1830864170753567,-0.03377748611824,-0.0106236102092548,0.1133371612729405,0.0,7.128762766402147,0.18617613887380777,-0.1239607714821953,0.49999999999999994,0.8660254037844387,33.95782748277881,33.86275492834577,3.280065778946697,2.1790068546484576,26.720769863184913,0,0,0,0,0,0,0,0,0,0,0,0,0,0,0,0,0,0
2024,2,33.96109786051605,4.179054745982223,0.0954835798816568,6.521169792265582,-2.8464221305395725,0.1825644940071733,-0.0181285212935463,-0.0165489445379852,0.0610843297292495,0.0,7.115319698002513,0.183462360598532,-0.07763327426723471,0.8660254037844386,0.5000000000000001,33.746122578911624,33.95782748277881,3.748303981880261,3.280065778946697,29.735310553118204,0,0,0,0,0,0,0,0,0,0,0,0,0,0,0,0,0,0
2024,3,33.77669771929808,3.9800314055993935,0.0779523668639053,7.75573026005333,-1.5499312505566862,0.1746120830920673,-0.0059033364736745,-0.025474535444608,0.0962712665986732,0.0,7.909085835174575,0.1747118454578064,-0.1217458020432812,1.0,6.123233995736766e-17,33.96109786051605,33.746122578911624,4.179054745982223,3.748303981880261,31.478410013576116,0,0,0,0,0,0,0,0,0,0,0,0,0,0,0,0,0,0
2024,4,34.05793279544277,3.8170462657671775,0.0968764792899408,6.381538837619082,-1.0487906080202238,0.1730573294827571,0.0127777155001713,-0.0175002056377879,0.0974159692166119,0.0,6.467147723340803,0.17352841064536625,-0.1149161748543998,0.8660254037844387,-0.4999999999999998,33.77669771929808,33.96109786051605,3.9800314055993935,4.179054745982223,24.685402067542714,0,0,0,0,0,0,0,0,0,0,0,0,0,0,0,0,0,0
2024,5,33.89385101325288,3.5321921333035986,0.0803551775147929,7.948647907499731,2.4221092601852305,0.1716108503999442,0.0195295483365754,-0.0351915224593066,0.1158929520104764,0.0,8.30948956468897,0.17271852023805281,-0.15108447446978301,0.49999999999999994,-0.8660254037844387,34.05793279544277,33.77669771929808,3.8170462657671775,3.9800314055993935,29.350713672162726,0,0,0,0,1,0,0,0,0,0,0,0,0,0,0,0,0,0
2024,6,33.931720986256195,2.7094861327321493,0.0858954142011834,7.371013696377094,-2.8485550682925616,0.1664319118300932,0.0155057705158351,-0.0409220040020858,0.1151119886770756,0.0,7.902285042269353,0.1671526553624251,-0.1560339926791614,1.2246467991473532e-16,-1.0,33.89385101325288,34.05793279544277,3.5321921333035986,3.8170462657671775,21.411131738925498,0,0,0,0,0,0,0,0,0,0,0,0,0,0,0,0,0,0
2024,7,33.95662863343008,2.0295704833624195,0.0896289940828402,3.2318252434391948,-0.7951688354713677,0.162336069561497,-0.0145125772265687,-0.0382264727098349,0.1298607594868135,0.0,3.3282109129434243,0.16298347885117775,-0.1680872321966484,-0.4999999999999997,-0.8660254037844388,33.931720986256195,33.89385101325288,2.7094861327321493,3.5321921333035986,6.754838631314665,0,0,0,1,0,0,0,0,0,0,1,0,0,0,0,0,0,0
2024,8,33.855156322645016,1.5634915665038978,0.0681849112426035,7.028281310606285,-0.9328927631385228,0.1625769399189164,0.0098501598550634,-0.0547416392250879,0.1043654786059137,0.0,7.0899243358821415,0.16287506574847255,-0.15910711783100162,-0.8660254037844385,-0.5000000000000004,33.95662863343008,33.931720986256195,2.0295704833624195,2.7094861327321493,11.085036906302477,0,0,0,0,0,0,0,0,0,0,0,0,0,0,0,0,0,0
2024,9,33.75030450343044,1.456868803728357,0.0925599112426035,7.869538598512051,0.7514753140861818,0.1682908674095862,0.02520399056747,-0.0392117551886118,0.075273683085244,0.0,7.905336988462411,0.1701677325288083,-0.1144854382738558,-1.0,-1.8369701987210297e-16,33.855156322645016,33.95662863343008,1.5634915665038978,2.0295704833624195,11.517038841450765,0,0,0,0,0,0,0,0,0,0,0,0,0,0,0,0,0,0
2024,10,33.76841083945531,1.4922456242139486,0.1128667159763313,6.915930321936071,-3.643262454038541,0.1814756192509415,0.0128818325865937,-0.0150686289740384,0.092145964944151,0.0,7.816869803628668,0.18193224561166094,-0.10721459391818941,-0.8660254037844386,0.5000000000000001,33.75030450343044,33.855156322645016,1.456868803728357,1.5634915665038978,11.664689759515028,0,0,0,0,0,0,0,0,0,0,0,0,0,0,0,0,0,0
2024,11,33.74842049276843,1.8443904913190377,0.0877705621301775,9.9634562413368,-1.895408327233862,0.1702062660971513,0.0262158266781431,-0.030096115092554,0.0812667643530129,0.0,10.142141440543053,0.1722133635556565,-0.1113628794455669,-0.5000000000000004,0.8660254037844384,33.76841083945531,33.75030450343044,1.4922456242139486,1.456868803728357,18.706069234550373,0,0,0,0,0,0,0,0,0,0,0,0,0,0,0,0,0,0
2024,12,33.78996112592317,2.6369425827852586,0.0883300295857988,5.445364548609807,-0.8667968657947857,0.1402775978424294,0.000285675926561,-0.0226908893098492,0.0648415130976389,0.0,5.513921641972086,0.1402778887322495,-0.08753240240748811,-2.4492935982947064e-16,1.0,33.74842049276843,33.76841083945531,1.8443904913190377,1.4922456242139486,14.539894775857407,0,0,0,0,0,0,0,0,0,0,0,0,0,0,0,0,0,0
