Year,Month,high_sss,high_sst,high_sla,high_uwind,high_vwind,high_ucurr,high_vcurr,high_evap,high_ppt,high_runoff,high_wind_mag,high_curr_mag,high_E_minus_P,month_sin,month_cos,high_sss_lag1,high_sss_lag2,high_sst_lag1,high_sst_lag2,high_sst_x_windmag,high_sss_is_outlier,high_sst_is_outlier,high_sla_is_outlier,high_uwind_is_outlier,high_vwind_is_outlier,high_ucurr_is_outlier,high_vcurr_is_outlier,high_evap_is_outlier,high_ppt_is_outlier,high_runoff_is_outlier,high_wind_mag_is_outlier,high_curr_mag_is_outlier,high_E_minus_P_is_outlier,high_sss_lag1_is_outlier,high_sss_lag2_is_outlier,high_sst_lag1_is_outlier,high_sst_lag2_is_outlier,high_sst_x_windmag_is_outlier
2011,1,30.03530556770714,27.9105848290034,-457452138.048092,-4.237492597314733,-3.029209615739845,0.0843512635678052,-0.2731454806029796,-0.1181822753781397,0.4851149722669252,0.0283795983128293,5.208882260945039,0.2858733797318632,-0.6032972476450649,0.49999999999999994,0.8660254037844387,,,,,145.38295020839755,0,0,0,0,0,0,0,0,0,0,0,0,0,0,0,0,0,0
2011,2,26.168378586443573,27.890134163694825,-457452137.9883856,-3.8733224304470086,-3.086193511648291,0.1433661812916398,-0.1990127458619619,-0.1019562997761562,0.5026581894011187,0.0383010954546505,4.952496041547528,0.24527522286946385,-0.6046144891772749,0.8660254037844386,0.5000000000000001,30.03530556770714,,27.9105848290034,,138.1257790439281,0,0,0,0,0,0,0,0,0,0,0,0,0,0,0,0,0,0
2011,3,24.230626594821025,28.1824652509661,-457452137.963748,-3.707886178906148,-2.9407039868408407,0.1311637979569071,-0.2369301529143447,-0.1157353013180769,0.4919421348346056,0.0507561497434356,4.732458119618689,0.27081329224115847,-0.6076774361526824,1.0,6.123233995736766e-17,26.168378586443573,30.03530556770714,27.890134163694825,27.9105848290034,133.37233650780607,0,0,0,0,0,0,0,0,0,0,0,0,0,0,0,0,0,0
2011,4,19.774981461697344,28.04910834741253,-457452137.9274208,-3.123190319837903,-3.0458586293564744,0.3941757850845654,-0.2609207013032089,-0.0958042452938458,0.5135793516621788,0.0484515082906689,4.3625190617296425,0.4727093842051286,-0.6093835969560246,0.8660254037844387,-0.4999999999999998,24.230626594821025,26.168378586443573,28.1824652509661,27.890134163694825,122.3647698301072,0,0,0,0,0,0,0,0,0,0,0,0,0,0,0,0,0,0
2011,5,22.25249240451404,28.69004510934785,-457452137.9536327,-3.657216889353899,-0.8222118784954562,0.1179015744040953,-0.6513685779296793,-0.1076980898895207,0.5797432555249457,0.0299744747094148,3.7485020673482943,0.6619530236815125,-0.6874413454144663,0.49999999999999994,-0.8660254037844387,19.774981461697344,24.230626594821025,28.04910834741253,28.1824652509661,107.54469340470624,0,0,0,0,0,0,0,0,0,0,0,0,0,0,0,0,0,0
2011,6,29.556928283393507,28.629811058791795,-457452137.9894714,-4.473172262575499,-0.5130426271807557,-0.1882399658457591,0.0933688003569841,-0.1235715872966325,0.1773011472803601,0.0050966838407798,4.50249739899751,0.21012381497991825,-0.3008727345769926,1.2246467991473532e-16,-1.0,22.25249240451404,19.774981461697344,28.69004510934785,28.04910834741253,128.9056498260002,0,0,0,0,0,0,0,0,0,0,0,0,0,0,0,0,0,0
2011,7,30.152118552730656,28.66447206401375,-457452138.0041412,-4.754054580743496,-0.3417171934177305,0.0678113090495268,0.0578297486940425,-0.1374927457620406,0.1489279030342779,0.0037086080517289,4.766319921801883,0.08912156567872079,-0.28642064879631846,-0.4999999999999997,-0.8660254037844388,29.556928283393507,22.25249240451404,28.629811058791795,28.69004510934785,136.62404424664228,0,0,0,0,0,0,0,0,0,0,0,0,0,0,0,0,0,0
2011,8,32.21692472739739,28.77506139156669,-457452138.0013406,-5.43489289336656,-0.9624941508180996,0.0634094122826354,0.2020595957525074,-0.1505344795316634,0.0491271611501479,0.0004698736427803,5.519461545542771,0.21177543247906716,-0.1996616406818113,-0.8660254037844385,-0.5000000000000004,30.152118552730656,29.556928283393507,28.66447206401375,28.629811058791795,158.8228448213848,0,0,0,0,0,0,0,0,0,0,0,0,0,0,0,0,0,0
2011,9,33.461282069755335,28.32889039244097,-457452137.9828012,-5.600188033291574,-1.4873205277870392,0.0163268058240646,0.3123394591384567,-0.1364245186366978,0.0213367981318186,7.3133841068787e-05,5.7943272569469935,0.312765890600814,-0.1577613167685164,-1.0,-1.8369701987210297e-16,32.21692472739739,30.152118552730656,28.77506139156669,28.66447206401375,164.14686175998455,0,0,0,0,0,0,0,0,0,0,0,0,0,0,0,0,0,0
2011,10,32.85065771278734,28.499052557785603,-457452137.98743325,-4.875463716200823,-1.5397516446816322,-0.0727396222097533,-0.0839517730421253,-0.1393534020912012,0.0494644345616447,0.0004093463604266,5.112825204844238,0.111080839194409,-0.1888178366528459,-0.8660254037844386,0.5000000000000001,33.461282069755335,32.21692472739739,28.32889039244097,28.77506139156669,145.71067423162688,0,0,0,0,0,0,0,0,0,0,0,0,0,0,0,0,0,0
2011,11,33.251426468793795,28.58215080344682,-457452138.055291,-5.349662057041416,-1.5595922716094193,-0.1600417456550834,0.4275116529574411,-0.1357608464871638,0.0398772425905487,0.0001794487766965,5.5723614543757325,0.456486115634123,-0.1756380890777125,-0.5000000000000004,0.8660254037844384,32.85065771278734,33.461282069755335,28.499052557785603,28.32889039244097,159.27007542028142,0,0,0,0,0,0,0,0,0,0,0,0,0,0,0,0,0,0
2011,12,35.078993888789604,28.24721400882406,-457452138.0167349,-5.67330278764815,-2.651092267953433,-0.1090495008345995,0.368968534361999,-0.1344645564504981,0.0502442918585602,5.737846419656064e-05,6.26216054836817,0.3847461149661124,-0.1847088483090583,-2.4492935982947064e-16,1.0,33.251426468793795,32.85065771278734,28.58215080344682,28.499052557785603,176.88858916737072,0,0,0,0,0,0,0,0,0,0,0,0,0,0,0,0,0,0
2012,1,31.80306194959104,27.88185809267279,-457452138.0275189,-5.037334310937915,-3.1115739440776893,0.1452562486763293,0.353406565124864,-0.1229435467332072,0.2674742591451611,0.0052436569033289,5.920863903993702,0.38209367706476693,-0.3904178058783683,0.49999999999999994,0.8660254037844387,35.078993888789604,33.251426468793795,28.24721400882406,28.58215080344682,165.084687157181,0,0,0,0,0,0,0,0,0,0,0,0,0,0,0,0,0,0
2012,2,27.87748587617448,27.83617560460343,-457452138.0188113,-4.581116367197601,-3.2216076785643426,-0.2480534466960263,0.0807227373077738,-0.1169340254507474,0.3540130705523067,0.0168313867241673,5.6004806226243184,0.26085757174411905,-0.47094709600305407,0.8660254037844386,0.5000000000000001,31.80306194959104,35.078993888789604,27.88185809267279,28.24721400882406,155.89596208154927,0,0,0,0,0,0,0,0,0,0,0,0,0,0,0,0,0,0
2012,3,22.566417490539063,27.64487763891264,-457452137.9690759,-4.2288184181825645,-3.843202824599645,0.5198943357638739,-0.6101839785998756,-0.1240787346290766,0.4578857421875,0.0331957156841571,5.714290259075993,0.8016324644744206,-0.5819644768165766,1.0,6.123233995736766e-17,27.87748587617448,31.80306194959104,27.83617560460343,27.88185809267279,157.97085500538623,0,0,0,0,0,0,0,0,0,0,0,0,0,0,0,0,0,0
2012,4,21.15925357015451,28.44119567839229,-457452137.9672995,-4.420087202942583,-2.9954160259672875,-0.0772311880955121,-0.153043451388299,-0.1142443747386424,0.3085848565637712,0.0186450664813701,5.339446417957431,0.17142623611188285,-0.4228292313024136,0.8660254037844387,-0.4999999999999998,22.566417490539063,27.87748587617448,27.64487763891264,27.83617560460343,151.8602403874181,0,0,0,0,0,0,0,0,0,0,0,0,0,0,0,0,0,0
2012,5,26.93318609231053,28.728249978220955,-457452137.9649879,-5.168093153710902,-2.029302157241212,-0.2114368790330795,-0.3668337408930827,-0.1388987060526066,0.1671245732956384,0.0076404323239298,5.55222965040328,0.4234058895113086,-0.306023279348245,0.49999999999999994,-0.8660254037844387,21.15925357015451,22.566417490539063,28.44119567839229,27.64487763891264,159.50584133327578,0,0,0,0,0,0,0,0,0,0,0,0,0,0,0,0,0,0
2012,6,28.975926723702365,28.61984391157868,-457452138.0526359,-4.834192304745228,-1.5848888824500982,-0.296200139557614,-0.1716450660617328,-0.131983575383587,0.1206877668933755,0.0025634088459804,5.087365527360099,0.34233981856816864,-0.2526713422769625,1.2246467991473532e-16,-1.0,26.93318609231053,21.15925357015451,28.728249978220955,28.44119567839229,145.59960731419218,0,0,0,0,0,0,0,0,0,0,0,0,0,0,0,0,0,0
2012,7,31.322495891502395,28.22680923260521,-457452137.9968453,-5.496218820471736,-0.9022254703246808,-0.014565796849343,0.031517544087979,-0.1346462715483276,0.1481309021718403,0.0068546272593842,5.569778462543219,0.0347205706058243,-0.28277717372016786,-0.4999999999999997,-0.8660254037844388,28.975926723702365,26.93318609231053,28.61984391157868,28.728249978220955,157.2170741300806,0,0,0,0,0,0,0,0,0,0,0,0,0,0,0,0,0,0
2012,8,32.404775011408915,28.15200076653537,-457452137.9711282,-5.868510720468837,-0.9898335343590502,-0.4531830328201909,0.4501437010347015,-0.1485676360068589,0.0630012038191394,0.0005335497432911,5.951402229895018,0.6387520746090184,-0.2115688398259983,-0.8660254037844385,-0.5000000000000004,31.322495891502395,28.975926723702365,28.22680923260521,28.61984391157868,167.54388013796486,0,0,0,0,0,0,0,0,0,0,0,0,0,0,0,0,0,0
2012,9,32.14172592445748,28.17197292799963,-457452137.9856836,-5.534694435328421,-1.966724642458752,-0.1416218705927494,0.5999547918462127,-0.1368322243263735,0.0166863661545973,4.062991170488166e-05,5.87374227487978,0.6164434333249255,-0.15351859048097083,-1.0,-1.8369701987210297e-16,32.404775011408915,31.322495891502395,28.15200076653537,28.22680923260521,165.47490835396013,0,0,0,0,0,0,0,0,0,0,0,0,0,0,0,0,0,0
2012,10,35.447984091046514,27.844253409890488,-457452138.0543175,-5.684933204622664,-1.8370619516753584,-0.0064428542312738,1.1186989014716566,-0.1306584628199684,0.0166988824246197,3.166311591334597e-05,5.974383830598314,1.1187174542861735,-0.1473573452445881,-0.8660254037844386,0.5000000000000001,32.14172592445748,32.404775011408915,28.17197292799963,28.15200076653537,166.3522573471317,0,0,0,0,0,0,1,0,0,0,0,1,0,0,0,0,0,0
2012,11,34.981920853441785,28.46441042146313,-457452138.0302793,-4.957549650288192,-2.258029527212741,0.125601810713609,0.6830459579148076,-0.1193591138932126,0.0236195220044378,0.00049974791397,5.447567886758014,0.6944980888946307,-0.14297863589765042,-0.5000000000000004,0.8660254037844384,35.447984091046514,32.14172592445748,27.844253409890488,28.17197292799963,155.06180812746268,0,0,0,0,0,0,0,0,0,0,0,0,0,0,0,0,0,0
2012,12,33.988746490629936,28.412194619280378,-457452138.02874845,-5.101672653263138,-2.828909773798384,0.3886155022909016,-0.354663349488484,-0.1283070343441864,0.1142202298316729,0.0006399098232653,5.833506181478251,0.5261255554439456,-0.2425272641758593,-2.4492935982947064e-16,1.0,34.981920853441785,35.447984091046514,28.46441042146313,27.844253409890488,165.74271294093518,0,0,0,0,0,0,0,0,0,0,0,0,0,0,0,0,0,0
2013,1,28.756385490789302,28.09157893165761,-457452137.9965189,-4.2937977527372935,-4.097744824618277,0.5067828391745154,-0.3244605013834579,-0.1131515251858347,0.3870747696013141,0.0131223498011481,5.93533586152441,0.6017503328123613,-0.5002262947871488,0.49999999999999994,0.8660254037844387,33.988746490629936,34.981920853441785,28.412194619280378,28.46441042146313,166.732955839911,0,0,0,0,0,0,0,0,0,0,0,0,0,0,0,0,0,0
2013,2,25.706224483671924,28.18824198670192,-457452137.9636313,-4.778075564718811,-3.498728772239572,0.5295549688014117,-0.1558359195499427,-0.1046550090496356,0.2839925641844258,0.0149776300735022,5.9220865515340115,0.552008422765668,-0.3886475732340614,0.8660254037844386,0.5000000000000001,28.756385490789302,33.988746490629936,28.09157893165761,28.412194619280378,166.9332087808338,0,0,0,0,0,0,0,0,0,0,0,0,0,0,0,0,0,0
2013,3,24.97103262504527,28.350778677725096,-457452137.937179,-4.390020531310133,-4.133360840865141,0.6083644084965012,-0.210750314460269,-0.1176865189694441,0.3976670440132096,0.0245663795245469,6.029672636729284,0.6438345661506534,-0.5153535629826538,1.0,6.123233995736766e-17,25.706224483671924,28.756385490789302,28.18824198670192,28.09157893165761,170.94591442304704,0,0,0,0,0,0,0,0,0,0,0,0,0,0,0,0,0,0
2013,4,20.378136673265995,28.72627419766131,-457452137.9085426,-3.8689004546086463,-3.2110997881057,0.3770951045641921,-0.2023756823871495,-0.1079915860700889,0.3428250374878652,0.0304213078064326,5.02787754194983,0.4279680300068492,-0.4508166235579541,0.8660254037844387,-0.4999999999999998,24.97103262504527,25.706224483671924,28.350778677725096,28.18824198670192,144.43218890231418,0,0,0,0,0,0,0,0,0,0,0,0,0,0,0,0,0,0
2013,5,24.664188984690057,28.854910955538745,-457452137.9813831,-4.167712416874586,-1.5723904477950383,0.089384008610648,-0.3350624316371977,-0.1196702675750622,0.4600055965446156,0.0248296557093513,4.454462763351792,0.346779950530506,-0.5796758641196778,0.49999999999999994,-0.8660254037844387,20.378136673265995,24.97103262504527,28.72627419766131,28.350778677725096,128.533126391279,0,0,0,0,0,0,0,0,0,0,0,0,0,0,0,0,0,0
2013,6,29.40184932728223,28.909351116646143,-457452138.0425704,-4.54561762502913,-1.285424130290923,-0.0419670029283117,0.2092027336030322,-0.1290972678530851,0.12707106460481,0.0023230152017266,4.723870742062027,0.2133706003219895,-0.25616833245789505,1.2246467991473532e-16,-1.0,24.664188984690057,20.378136673265995,28.854910955538745,28.72627419766131,136.5640379119229,0,0,0,0,0,0,0,0,0,0,0,0,0,0,0,0,0,0
2013,7,29.281236977713103,28.564030068740188,-457452138.0138074,-4.1483077486238535,-0.9584683912128388,0.1047845571601,0.0915076689561829,-0.130355204571281,0.2263377488717524,0.0128216376671424,4.257595428671779,0.13911670243731566,-0.3566929534430334,-0.4999999999999997,-0.8660254037844388,29.40184932728223,24.664188984690057,28.909351116646143,28.854910955538745,121.61408384511147,0,0,0,0,0,0,0,0,0,0,0,0,0,0,0,0,0,0
2013,8,32.49543218837992,28.377362889289696,-457452137.9764953,-5.445019052049817,-1.2446071307048114,0.3007689429352344,0.4318908107293359,-0.1413097591222038,0.089941442365477,0.0032156430757962,5.585452478267697,0.5262999424537507,-0.2312512014876808,-0.8660254037844385,-0.5000000000000004,29.281236977713103,29.40184932728223,28.564030068740188,28.909351116646143,158.5004118766849,0,0,0,0,0,0,0,0,0,0,0,0,0,0,0,0,0,0
2013,9,32.9281669319191,28.428378370986472,-457452137.957012,-5.862094280635112,-1.6009660487520625,0.2768926744148219,-0.0566757434809749,-0.1415265113468001,0.0413629430285572,0.0013247044128779,6.076778887232256,0.2826334959690975,-0.1828894543753573,-1.0,-1.8369701987210297e-16,32.49543218837992,29.281236977713103,28.377362889289696,28.564030068740188,172.7529694830607,0,0,0,0,0,0,0,0,0,0,0,0,0,0,0,0,0,0
2013,10,33.938562932549765,28.383910655892723,-457452137.9500756,-5.760635898310757,-2.085567490456725,0.2029650459066033,0.3509704001780067,-0.1448770140755106,0.0302059128439638,8.764210537340512e-05,6.1265420679333085,0.4054319075516624,-0.17508292691947439,-0.8660254037844386,0.5000000000000001,32.9281669319191,32.49543218837992,28.428378370986472,28.377362889289696,173.89522268578727,0,0,0,0,0,0,0,0,0,0,0,0,0,0,0,0,0,0
2013,11,35.12120382251111,28.516796638240933,-457452138.0082145,-5.508400602806249,-1.9614486299322904,0.1055738859996199,0.0504806061089038,-0.1281669757951646,0.0419287145490477,8.49842319827108e-05,5.847200862708541,0.11702195092452967,-0.1700956903442123,-0.5000000000000004,0.8660254037844384,33.938562932549765,32.9281669319191,28.383910655892723,28.428378370986472,166.7434379048064,0,0,0,0,0,0,0,0,0,0,0,0,0,0,0,0,0,0
2013,12,32.12966075263695,28.04117105437241,-457452137.9912831,-5.413789874703221,-2.8134097294694573,0.0367375867269952,0.1335173913500678,-0.1216610641213211,0.1242233253795014,0.0013723599134817,6.101179813225679,0.13847939944789858,-0.2458843895008225,-2.4492935982947064e-16,1.0,35.12120382251111,33.938562932549765,28.516796638240933,28.383910655892723,171.08422677614516,0,0,0,0,0,0,0,0,0,0,0,0,0,0,0,0,0,0
2014,1,31.18996918796964,27.971809238304896,-457452137.9763765,-4.565904267617231,-3.052969487284768,0.5898512239438161,-0.4945923116241322,-0.1205127957833589,0.257918995513013,0.009418639910997,5.4925499061307645,0.7697701092571213,-0.3784317912963719,0.49999999999999994,0.8660254037844387,32.12966075263695,35.12120382251111,28.04117105437241,28.516796638240933,153.6365582061592,0,0,0,0,0,0,0,0,0,0,0,0,0,0,0,0,0,0
2014,2,27.88053122796644,27.64715597544449,-457452137.9630853,-4.820098072995801,-3.4842440002768704,0.4627164628508748,-0.2283856201612827,-0.0980652856403554,0.4929200121636927,0.0427824392826599,5.947545854111862,0.5160101902963532,-0.5909852978040481,0.8660254037844386,0.5000000000000001,31.18996918796964,32.12966075263695,27.971809238304896,28.04117105437241,164.43272789973886,0,0,0,0,0,0,0,0,0,0,0,0,0,0,0,0,0,0
2014,3,22.25776355296584,27.375153699532014,-457452137.9472249,-4.3904716284317375,-4.105196964987637,0.6670349433731574,-0.4779635951854288,-0.1067226395980846,0.465378879795413,0.0367795955499953,6.010730674502704,0.8206002766288906,-0.5721015193934976,1.0,6.123233995736766e-17,27.88053122796644,31.18996918796964,27.64715597544449,27.971809238304896,164.54467606100326,0,0,0,0,0,0,0,0,0,0,0,0,0,0,0,0,0,0
2014,4,19.570416445087115,27.801834314478008,-457452137.9500909,-4.155053333241559,-3.6629829697707694,0.1954306740343811,0.0230205993678781,-0.1079050980552413,0.4940218050804364,0.047955315493973,5.539125602377371,0.19678184964266615,-0.6019269031356778,0.8660254037844387,-0.4999999999999998,22.25776355296584,27.88053122796644,27.375153699532014,27.64715597544449,153.99785224437886,0,0,0,0,0,0,0,0,0,0,0,0,0,0,0,0,0,0
2014,5,16.58793505494312,28.31889980126643,-457452137.92902,-3.5691901831584567,-2.489736505866756,0.0698718991057545,0.020278407297298,-0.1019291570906103,0.6477220411131369,0.0503371819941955,4.351770493971425,0.07275504166145358,-0.7496511982037473,0.49999999999999994,-0.8660254037844387,19.570416445087115,22.25776355296584,27.801834314478008,27.375153699532014,123.23735257688449,0,0,0,0,0,0,0,0,0,0,0,0,0,0,0,0,0,0
2014,6,27.630238639319764,28.718747755521857,-457452137.9917864,-5.088387830899312,-1.1098341379292618,-0.2322200803127862,-0.2152299326358001,-0.120469883701505,0.2396995499289247,0.0125285718567977,5.2080152199621494,0.31662294547756314,-0.3601694336304297,1.2246467991473532e-16,-1.0,16.58793505494312,19.570416445087115,28.31889980126643,27.801834314478008,149.56767540901166,0,0,0,0,0,0,0,0,0,0,0,0,0,0,0,0,0,0
2014,7,30.851244331711825,28.31808404446084,-457452138.0011758,-5.577605289820383,-1.0233768625350217,0.1406408228290577,-0.2970887505915016,-0.1385389166779419,0.1337922338903303,0.0032278884797406,5.670712562968109,0.3286967702519358,-0.2723311505682722,-0.4999999999999997,-0.8660254037844388,27.630238639319764,16.58793505494312,28.718747755521857,28.31889980126643,160.58371495011085,0,0,0,0,0,0,0,0,0,0,0,0,0,0,0,0,0,0
2014,8,32.0537208923865,28.279589163187268,-457452137.9687525,-5.743739846013707,-1.1310010755313396,0.1716402813585268,-0.2719723422390719,-0.1468630757778001,0.0550973203760632,0.0002627513817781,5.854033724837824,0.32160432386372095,-0.2019603961538633,-0.8660254037844385,-0.5000000000000004,30.851244331711825,27.630238639319764,28.31808404446084,28.718747755521857,165.54966868585652,0,0,0,0,0,0,0,0,0,0,0,0,0,0,0,0,0,0
2014,9,31.374636937585933,28.231729336920377,-457452137.97860914,-5.906118216246543,-1.797522066304317,0.0232058827285513,0.2273521129832123,-0.1443134032233932,0.0257129782050319,5.772833288068603e-05,6.173598461442904,0.22853335920854664,-0.1700263814284251,-1.0,-1.8369701987210297e-16,32.0537208923865,30.851244331711825,28.279589163187268,28.31808404446084,174.29136079828413,0,0,0,0,0,0,0,0,0,0,0,0,0,0,0,0,0,0
2014,10,32.82513418209019,28.269827221718124,-457452137.99048793,-5.651824952229946,-1.923128469455877,0.081655440663082,0.2832985368111859,-0.1348231916685076,0.0268454241329396,4.390851985773392e-05,5.9700543046676495,0.29483159930584263,-0.1616686158014472,-0.8660254037844386,0.5000000000000001,31.374636937585933,32.0537208923865,28.231729336920377,28.279589163187268,168.77240369722898,0,0,0,0,0,0,0,0,0,0,0,0,0,0,0,0,0,0
2014,11,33.117798089888595,28.385152410414182,-457452138.0153845,-5.695917662078812,-1.8425291850722048,-0.1582335248732796,0.2618179340542366,-0.125788207546141,0.0189626569578633,2.6070860010632403e-05,5.986517502774396,0.3059190726094916,-0.14475086450400432,-0.5000000000000004,0.8660254037844384,32.82513418209019,31.374636937585933,28.269827221718124,28.231729336920377,169.92821172386334,0,0,0,0,0,0,0,0,0,0,0,0,0,0,0,0,0,0
2014,12,32.67419420714867,28.121934079862505,-457452138.0403087,-5.812961496192322,-2.417277784213512,-0.2505397196068908,0.2333060160603826,-0.1271277691441527,0.0932529494607237,0.0004378606581829,6.295534388935277,0.3423475547315432,-0.2203807186048764,-2.4492935982947064e-16,1.0,33.117798089888595,32.82513418209019,28.385152410414182,28.269827221718124,177.04260308314534,0,0,0,0,0,0,0,0,0,0,0,0,0,0,0,0,0,0
2015,1,30.3061687715369,28.17223029461919,-457452138.0071613,-5.028911920165169,-3.6002838687431176,0.0067061302402327,0.1841993888224204,-0.1249612271344873,0.1599008345745019,0.0017203043198444,6.184820048822054,0.18432142313185457,-0.2848620617089892,0.49999999999999994,0.8660254037844387,32.67419420714867,33.117798089888595,28.121934079862505,28.385152410414182,174.24017474619282,0,0,0,0,0,0,0,0,0,0,0,0,0,0,0,0,0,0
2015,2,27.264551746573915,28.48055138950896,-457452137.9790139,-4.454899760745686,-3.374493202514197,-0.1036658107577001,-0.1086778858128715,-0.1092490531812758,0.3820603951899963,0.021850856803578,5.588679294082502,0.15019148839001104,-0.4913094483712721,0.8660254037844386,0.5000000000000001,30.3061687715369,32.67419420714867,28.17223029461919,28.121934079862505,159.16866783460137,0,0,0,0,0,0,0,0,0,0,0,0,0,0,0,0,0,0
2015,3,24.586302834750573,28.154839631236182,-457452137.98504215,-3.82644082614656,-3.5322380600243632,0.2130499008249064,0.0122703285124458,-0.1039837910049766,0.4976539160372942,0.0509681701660156,5.207528694945986,0.21340295500134435,-0.6016377070422708,1.0,6.123233995736766e-17,27.264551746573915,30.3061687715369,28.48055138950896,28.17223029461919,146.6171352812649,0,0,0,0,0,0,0,0,0,0,0,0,0,0,0,0,0,0
2015,4,21.72577669584373,28.115634788233244,-457452137.91504735,-4.344027898544391,-3.8394431357200327,0.9262010195425578,-0.382876882063491,-0.1199893933340642,0.5143733278534116,0.037137093628652,5.79757725052109,1.002219055606275,-0.6343627211874758,0.8660254037844387,-0.4999999999999998,24.586302834750573,27.264551746573915,28.154839631236182,28.48055138950896,163.00256463222038,0,0,0,0,0,0,0,0,0,0,0,1,0,0,0,0,0,0
2015,5,23.98325029808553,28.473950976460813,-457452137.96140987,-4.712976338771673,-1.9536678446291469,0.4227891843145092,-0.0364519434981048,-0.1174185865244569,0.3805157813800158,0.0170214613513833,5.1018588785813686,0.42435767762362575,-0.4979343679044727,0.49999999999999994,-0.8660254037844387,21.72577669584373,24.586302834750573,28.115634788233244,28.154839631236182,145.27007959754724,0,0,0,0,0,0,0,0,0,0,0,0,0,0,0,0,0,0
2015,6,29.631703921154447,28.62620048194941,-457452138.0016793,-5.222391213362034,-1.0264927651402511,0.1091599135710936,-0.2153465751424368,-0.1298904313138251,0.2053422194260818,0.0044760619394877,5.322316918625408,0.24143329131755173,-0.33523265073990693,1.2246467991473532e-16,-1.0,23.98325029808553,21.72577669584373,28.473950976460813,28.115634788233244,152.35771114104216,0,0,0,0,0,0,0,0,0,0,0,0,0,0,0,0,0,0
2015,7,31.242237517512915,28.437730443771645,-457452138.0181166,-5.797724243628203,-0.6706009169299287,-0.0953272064016865,-0.2599808201725994,-0.1390358969436947,0.1236198018993851,0.0014862421701645,5.83637832863339,0.2769066686411997,-0.2626556988430798,-0.4999999999999997,-0.8660254037844388,29.631703921154447,23.98325029808553,28.62620048194941,28.473950976460813,165.9733536775468,0,0,0,0,0,0,0,0,0,0,0,0,0,0,0,0,0,0
2015,8,32.48844767186596,28.00699068913144,-457452137.9587031,-5.989267032527359,-0.9427893557151802,0.2405055129434913,0.2054324634373188,-0.1432859370341668,0.0269507346068613,0.0001165062718137,6.063016687769292,0.31629953966159546,-0.17023667164102813,-0.8660254037844385,-0.5000000000000004,31.242237517512915,29.631703921154447,28.437730443771645,28.62620048194941,169.80685192240313,0,0,0,0,0,0,0,0,0,0,0,0,0,0,0,0,0,0
2015,9,32.31626706462885,28.246960105810714,-457452137.9776313,-5.870046497449367,-1.6780258588184267,0.1700349796378492,0.2796569632585434,-0.142149683859574,0.0099722732453656,1.489763429178994e-05,6.105179494910932,0.3272917832751597,-0.1521219571049396,-1.0,-1.8369701987210297e-16,32.48844767186596,31.242237517512915,28.00699068913144,28.437730443771645,172.4527616315627,0,0,0,0,0,0,0,0,0,0,0,0,0,0,0,0,0,0
2015,10,33.235691639161864,28.38045997358772,-457452137.9848068,-5.704599883076707,-2.091873262738864,0.5145967878512482,0.2521885610533072,-0.1320471743110721,0.0115848518687592,1.5744090785641642e-05,6.076050820505085,0.5730697378094224,-0.1436320261798313,-0.8660254037844386,0.5000000000000001,32.31626706462885,32.48844767186596,28.246960105810714,28.00699068913144,172.4411171088294,0,0,0,0,0,0,0,0,0,0,0,0,0,0,0,0,0,0
2015,11,33.658058217585605,28.557318271950585,-457452138.0011944,-5.606555131060132,-2.464167964484917,0.141634764149785,0.2013961421325802,-0.1278133090783858,0.0191857828896426,1.6929129877034024e-05,6.1241802875822025,0.24621294133666421,-0.1469990919680284,-0.5000000000000004,0.8660254037844384,33.235691639161864,32.31626706462885,28.38045997358772,28.246960105810714,174.89016562729083,0,0,0,0,0,0,0,0,0,0,0,0,0,0,0,0,0,0
2015,12,32.958394081534685,28.4853134141721,-457452138.0421641,-5.563202768740569,-3.631937756693575,0.4707874224310921,-0.0980086035786136,-0.1278027669697471,0.0928110653126733,0.0001948768570578,6.643808916172943,0.4808809452398186,-0.2206138322824204,-2.4492935982947064e-16,1.0,33.658058217585605,33.235691639161864,28.557318271950585,28.38045997358772,189.25097924105734,0,0,0,0,0,0,0,0,0,0,0,0,0,0,0,0,0,0
2016,1,31.820988962889388,28.133285661494632,-457452137.9758837,-4.367381361990991,-4.69507379292031,0.4112771514972502,-0.4720968267612272,-0.1214104604262572,0.1800452238003883,0.0046399584888706,6.412311430524362,0.6261184466071195,-0.3014556842266455,0.49999999999999994,0.8660254037844387,32.958394081534685,33.658058217585605,28.4853134141721,28.557318271950585,180.39938922540915,0,0,0,0,0,0,0,0,0,0,0,0,0,0,0,0,0,0
2016,2,28.42879903314107,28.32363249025964,-457452137.9519349,-5.225199851058644,-3.3739352122213715,0.0988320821403142,-0.2891016710440026,-0.1091159077570635,0.3970672900860126,0.019473651457115,6.219819314077423,0.30552832382714457,-0.5061831978430761,0.8660254037844386,0.5000000000000001,31.820988962889388,32.958394081534685,28.133285661494632,28.4853134141721,176.16787640774774,0,0,0,0,0,0,0,0,0,0,0,0,0,0,0,0,0,0
2016,3,24.839867409178744,28.270291706819403,-457452137.9809798,-4.121633612897974,-3.644545460064736,0.1494649217650294,0.0176440211874432,-0.10611967713787,0.4751961950719709,0.0360536180304352,5.5018701592684724,0.15050273858601146,-0.5813158722098409,1.0,6.123233995736766e-17,28.42879903314107,31.820988962889388,28.32363249025964,28.133285661494632,155.53947433556465,0,0,0,0,0,0,0,0,0,0,0,0,0,0,0,0,0,0
2016,4,24.51149186621353,28.59733589926126,-457452137.9616431,-4.622730257419439,-2.665792383562178,0.0063191312929671,-0.0204534902180911,-0.1120159570017509,0.3858527911485299,0.0247857697616667,5.336298723377404,0.021407397842785662,-0.4978687481502808,0.8660254037844387,-0.4999999999999998,24.839867409178744,28.42879903314107,28.270291706819403,28.32363249025964,152.60392705122268,0,0,0,0,0,0,0,0,0,0,0,0,0,0,0,0,0,0
2016,5,27.59529529324809,29.262468328563127,-457452137.978352,-4.600746921710009,-1.827914469076332,-0.2015276637393981,0.0724560033995658,-0.1273165157825283,0.1803359646768965,0.0052368344639885,4.950570022116921,0.21415711914596208,-0.30765248045942484,0.49999999999999994,-0.8660254037844387,24.51149186621353,24.839867409178744,28.59733589926126,28.270291706819403,144.86589848053046,0,0,0,0,0,0,0,0,0,0,0,0,0,0,0,0,0,0
2016,6,28.97512125081321,29.21308348165208,-457452138.0321785,-4.961535292087928,-0.9866872496638424,-0.1086072289686211,-0.1179017796564628,-0.1332034342564069,0.1432956040963618,0.0033705897585174,5.058693920695661,0.16030084163972314,-0.2764990383527687,1.2246467991473532e-16,-1.0,27.59529529324809,24.51149186621353,29.262468328563127,28.59733589926126,147.7800478134082,0,0,0,0,0,0,0,0,0,0,0,0,0,0,0,0,0,0
2016,7,31.85581655830377,28.80865397766448,-457452138.0314028,-5.098461356565092,-1.0295774628512957,0.2662057735073818,0.1891467371845946,-0.137541052923929,0.1052058631851828,0.0018763457529643,5.201378466944975,0.3265608703385045,-0.2427469161091118,-0.4999999999999997,-0.8660254037844388,28.97512125081321,27.59529529324809,29.21308348165208,29.262468328563127,149.84471246109274,0,0,0,0,0,0,0,0,0,0,0,0,0,0,0,0,0,0
2016,8,32.13953026922693,28.59754433598117,-457452138.0465718,-5.516255356680007,-1.334653665554109,0.2882312388490822,0.4464754894123239,-0.1476771580220679,0.0286584436540772,0.0001633886754865,5.675418360533247,0.5314297787050053,-0.1763356016761451,-0.8660254037844385,-0.5000000000000004,31.85581655830377,28.97512125081321,28.80865397766448,29.21308348165208,162.3030281905911,0,0,0,0,0,0,0,0,0,0,0,0,0,0,0,0,0,0
2016,9,32.940186697161195,28.28109071402219,-457452138.0155028,-5.29730999258143,-1.8828802027866327,0.0081066502143453,-0.003784984431189,-0.1320108583957485,0.0215396091077454,8.972438834828033e-05,5.621986394109194,0.008946724810906382,-0.1535504675034939,-1.0,-1.8369701987210297e-16,32.13953026922693,31.85581655830377,28.59754433598117,28.80865397766448,158.99590720480063,0,0,0,0,0,0,0,0,0,0,0,0,0,0,0,0,0,0
2016,10,34.05884579905259,28.55802122892413,-457452138.0396692,-5.486322592348742,-2.045847516793472,-0.1922005681800382,-0.1432808134636348,-0.1350081341682806,0.0196027925028603,5.23053682767428e-05,5.855358883047754,0.23972995206175307,-0.1546109266711409,-0.8660254037844386,0.5000000000000001,32.940186697161195,32.13953026922693,28.28109071402219,28.59754433598117,167.21746328504724,0,0,0,0,0,0,0,0,0,0,0,0,0,0,0,0,0,0
2016,11,34.78419767601789,28.24421331100032,-457452137.9914148,-5.72359534375061,-2.030663933979689,0.5427556666412524,-0.1671794761038784,-0.1180491067425033,0.0235128684862125,3.724408572947485e-05,6.073149073731809,0.5679196165845635,-0.1415619752287158,-0.5000000000000004,0.8660254037844384,34.05884579905259,32.940186697161195,28.55802122892413,28.28109071402219,171.53131790798523,0,0,0,0,0,0,0,0,0,0,0,0,0,0,0,0,0,0
2016,12,32.60130030436482,28.56097718419304,-457452138.02333874,-5.034148519737481,-2.8431098274225315,0.2660428943733374,0.2746439150686263,-0.1251592657931104,0.2379358957505085,0.0064645236765844,5.781515788230768,0.38237168008466,-0.36309516154361887,-2.4492935982947064e-16,1.0,34.78419767601789,34.05884579905259,28.24421331100032,28.55802122892413,165.1257405177108,0,0,0,0,0,0,0,0,0,0,0,0,0,0,0,0,0,0
2017,1,29.26298253013104,28.24655876690322,-457452138.021991,-4.143183915220069,-3.429171776277779,-0.0341375172702652,-0.2221854978212804,-0.1217694646463944,0.4436194967236039,0.026629030351808,5.378214576098503,0.224792716802542,-0.5653889613699983,0.49999999999999994,0.8660254037844387,32.60130030436482,34.78419767601789,28.56097718419304,28.24421331100032,151.91605408478185,0,0,0,0,0,0,0,0,0,0,0,0,0,0,0,0,0,0
2017,2,26.69018757566525,27.786224481951447,-457452137.9758039,-3.988638839337247,-3.5470027530334405,0.3630071096787495,-0.5412967550967421,-0.109090695543402,0.4993822673368735,0.0400554273255478,5.337646327801832,0.6517486776017133,-0.6084729628802755,0.8660254037844386,0.5000000000000001,29.26298253013104,32.60130030436482,28.24655876690322,28.56097718419304,148.31303906956552,0,0,0,0,0,0,0,0,0,0,0,0,0,0,0,0,0,0
2017,3,23.345890729922967,27.94433637911748,-457452137.9449372,-3.892303612634275,-3.1618159355143822,0.0276463267082969,-0.6707509267143905,-0.1103939032678068,0.6321623311240292,0.0558572351579835,5.014689165142593,0.6713204339722392,-0.742556234391836,1.0,6.123233995736766e-17,26.69018757566525,29.26298253013104,27.786224481951447,28.24655876690322,140.1321608674604,0,0,0,0,0,0,0,0,0,0,0,0,0,0,0,0,0,0
2017,4,19.543443460111725,28.3563206802894,-457452137.9139468,-3.677293462160777,-3.1452450103308323,0.5791506145111244,-0.1380179430663919,-0.1106702254192363,0.5105371870232758,0.035213098018127,4.838910350674147,0.5953691181921437,-0.6212074124425121,0.8660254037844387,-0.4999999999999998,23.345890729922967,26.69018757566525,27.94433637911748,27.786224481951447,137.21369364688775,0,0,0,0,0,0,0,0,0,0,0,0,0,0,0,0,0,0
2017,5,24.88379240661631,28.91237605971335,-457452137.956165,-4.135767697406238,-1.9787250683152464,0.3274082139655745,0.0963720466563667,-0.1217372343605439,0.3528705574351655,0.0224418019401956,4.5847494307637,0.341297099238866,-0.4746077917957094,0.49999999999999994,-0.8660254037844387,19.543443460111725,23.345890729922967,28.3563206802894,27.94433637911748,132.5559996817968,0,0,0,0,0,0,0,0,0,0,0,0,0,0,0,0,0,0
2017,6,29.23048004357741,28.97075416014548,-457452138.03079486,-4.751420088068268,-0.5300162319395658,-0.0789669004602814,0.6770007345333414,-0.1298401478303254,0.2284247494308201,0.0074880927272096,4.780890090706759,0.6815906146118709,-0.3582648972611455,1.2246467991473532e-16,-1.0,24.88379240661631,19.543443460111725,28.91237605971335,28.3563206802894,138.50599148454114,0,0,0,0,0,0,0,0,0,0,0,0,0,0,0,0,0,0
2017,7,29.937302556060946,28.926726245496827,-457452138.0420213,-4.535440355362977,-0.0644957278138743,0.2501469943327484,0.0342311669417001,-0.1399119660787328,0.127772043442585,0.0054233144726273,4.535898909363092,0.25247829919400716,-0.26768400952131777,-0.4999999999999997,-0.8660254037844388,29.23048004357741,24.88379240661631,28.97075416014548,28.91237605971335,131.20870602839378,0,0,0,0,0,0,0,0,0,0,0,0,0,0,0,0,0,0
2017,8,33.691690027713854,28.57835776693111,-457452137.9963259,-5.629308195509148,-1.2381629449420073,0.3256128908861883,-0.0446635126249819,-0.1471470338485297,0.0218737901315181,6.822439340444712e-05,5.763866604828215,0.32866180805086354,-0.1690208239800478,-0.8660254037844385,-0.5000000000000004,29.937302556060946,29.23048004357741,28.926726245496827,28.97075416014548,164.72184195364727,0,0,0,0,0,0,0,0,0,0,0,0,0,0,0,0,0,0
2017,9,34.83595925523242,28.20137997862438,-457452137.9515231,-6.365887815077629,-1.3064371457560395,0.1744002926272231,0.2610369403438352,-0.141965583539926,0.0305564022628513,0.000224818844767,6.498561817045754,0.3139358951960289,-0.1725219858027773,-1.0,-1.8369701987210297e-16,33.691690027713854,29.937302556060946,28.57835776693111,28.926726245496827,183.268411117087,0,0,0,0,0,0,0,0,0,0,0,0,0,0,0,0,0,0
2017,10,34.559406898064715,28.21993035558776,-457452137.9495936,-5.756432008108444,-2.257134063885762,-0.0740717451075372,-0.0398451957073419,-0.1365849889109473,0.0289715761263695,5.685366117037259e-05,6.1831354219626204,0.08410863834489499,-0.1655565650373168,-0.8660254037844386,0.5000000000000001,34.83595925523242,33.691690027713854,28.20137997862438,28.57835776693111,174.48765098695287,0,0,0,0,0,0,0,0,0,0,0,0,0,0,0,0,0,0
2017,11,33.515579931192555,28.61843365519994,-457452137.976736,-5.567009747733732,-2.0933266336748586,-0.1084445686321015,0.8064887356875395,-0.1291339862099766,0.021610711453229,2.319290793153661e-05,5.947572103523833,0.8137470769573852,-0.15074469766320558,-0.5000000000000004,0.8660254037844384,34.559406898064715,34.83595925523242,28.21993035558776,28.20137997862438,170.21019765421477,0,0,0,0,0,0,0,0,0,0,0,0,0,0,0,0,0,0
2017,12,32.36518913891304,28.528361645219828,-457452137.9814669,-5.188578275181133,-2.598707654596081,-0.0650868705389174,0.1565811631100421,-0.1209958926857223,0.1852201315072866,0.0035810809163652,5.802984231560334,0.16956993058158457,-0.3062160241930089,-2.4492935982947064e-16,1.0,33.515579931192555,34.559406898064715,28.61843365519994,28.21993035558776,165.5496327794613,0,0,0,0,0,0,0,0,0,0,0,0,0,0,0,0,0,0
2018,1,30.07740644521774,28.25477992056562,-457452138.0147651,-4.764395986964717,-3.6395363024705967,0.3933791615482833,-0.1219467776457941,-0.1327195153213464,0.38204015923675,0.0184335313605133,5.995472760142175,0.41184727912009217,-0.5147596745580965,0.49999999999999994,0.8660254037844387,32.36518913891304,33.515579931192555,28.528361645219828,28.61843365519994,169.40076335756328,0,0,0,0,0,0,0,0,0,0,0,0,0,0,0,0,0,0
2018,2,24.61742112278379,27.41804712067536,-457452137.95691705,-3.0549000944258897,-3.78660415897708,0.5044028151394992,-0.2019991419631345,-0.099449281685451,0.5686989959175065,0.0400429449137851,4.865263162841845,0.5433468995719902,-0.6681482776029575,0.8660254037844386,0.5000000000000001,30.07740644521774,32.36518913891304,28.25477992056562,28.528361645219828,133.39601465328374,0,0,0,0,0,0,0,0,0,0,0,0,0,0,0,0,0,0
2018,3,22.580632807854712,28.091937182269955,-457452137.9644955,-4.487823011607108,-3.7582555571956746,0.4724985777089993,-0.2291400099153785,-0.1215099126497316,0.3518569878572543,0.0253234953569942,5.853634786754505,0.5251286033735422,-0.4733669005069859,1.0,6.123233995736766e-17,24.61742112278379,30.07740644521774,27.41804712067536,28.25477992056562,164.43994071745772,0,0,0,0,0,0,0,0,0,0,0,0,0,0,0,0,0,0
2018,4,21.07877397755213,28.07388799429456,-457452137.95462686,-3.772246884259247,-2.703982017096683,0.0385004028318111,-0.3339627806366385,-0.1063827420832843,0.6364811101608729,0.0539324833796574,4.641267639835678,0.336174686537769,-0.7428638522441573,0.8660254037844387,-0.4999999999999998,22.580632807854712,24.61742112278379,28.091937182269955,27.41804712067536,130.2984278722907,0,0,0,0,0,0,0,0,0,0,0,0,0,0,0,0,0,0
2018,5,22.3503874163182,28.34933792093348,-457452138.01848537,-4.03614003718252,-2.009652163238215,-0.1724573659677324,-0.0486662731106792,-0.1114738248949925,0.5931054403090618,0.0375874423416408,4.508783451991873,0.17919249207210552,-0.7045792652040542,0.49999999999999994,-0.8660254037844387,21.07877397755213,22.580632807854712,28.07388799429456,28.091937182269955,127.82102569283055,0,0,0,0,0,0,0,0,0,0,0,0,0,0,0,0,0,0
2018,6,30.27735294704128,28.37115481457321,-457452138.026118,-5.191318087676573,-0.6882954663183738,0.3611091018194355,-0.3245061817466764,-0.1289630191918661,0.1886037115514631,0.0069328172672429,5.236748431650349,0.4854936100595418,-0.3175667307433292,1.2246467991473532e-16,-1.0,22.3503874163182,21.07877397755213,28.34933792093348,28.07388799429456,148.5726004793255,0,0,0,0,0,0,0,0,0,0,0,0,0,0,0,0,0,0
2018,7,30.78269219145426,28.117165159373563,-457452138.0266946,-5.235384729839641,-0.9074315258305928,0.1729564062026265,0.046456585703609,-0.1374530835000015,0.1580332355386406,0.0045558150703385,5.31344382143157,0.1790869420191341,-0.2954863190386421,-0.4999999999999997,-0.8660254037844388,30.27735294704128,22.3503874163182,28.37115481457321,28.34933792093348,149.39897749224448,0,0,0,0,0,0,0,0,0,0,0,0,0,0,0,0,0,0
2018,8,32.48077609969452,27.958065442086045,-457452137.9964166,-5.231670057808859,-1.68637015551505,0.1866073540812875,0.4403115545089046,-0.1394896308434079,0.040867111386632,0.0003113831288715,5.496745936932651,0.478222301478368,-0.1803567422300399,-0.8660254037844385,-0.5000000000000004,30.78269219145426,30.27735294704128,28.117165159373563,28.37115481457321,153.67838262328362,0,0,0,0,0,0,0,0,0,0,0,0,0,0,0,0,0,0
2018,9,33.210216355777945,28.44832147951506,-457452137.9899594,-5.639106551923695,-1.7098335754236529,0.4733918545248567,0.5549140940305822,-0.1400800210219868,0.0233246165619799,8.041336691591161e-05,5.892627050780898,0.7294035232189826,-0.1634046375839667,-1.0,-1.8369701987210297e-16,32.48077609969452,30.78269219145426,27.958065442086045,28.117165159373563,167.6353486995017,0,0,0,0,0,0,0,0,0,0,0,0,0,0,0,0,0,0
2018,10,32.98505502835572,28.375014099019616,-457452137.9938032,-5.111610555084499,-2.134861804765357,-0.1624114714175849,0.07494657889992,-0.134000098938949,0.0209282700126693,0.0001119579789201,5.5395123785670215,0.1788699967485518,-0.15492836895161832,-0.8660254037844386,0.5000000000000001,33.210216355777945,32.48077609969452,28.44832147951506,27.958065442086045,157.1837418435329,0,0,0,0,0,0,0,0,0,0,0,0,0,0,0,0,0,0
2018,11,33.583806602725026,28.6576564107335,-457452138.0293276,-5.165942629060802,-2.601718685154379,0.5141038008801201,0.1113502031914643,-0.129546496201549,0.1082462107641457,0.000647877800394,5.784107827783734,0.5260243205690841,-0.2377927069656947,-0.5000000000000004,0.8660254037844384,32.98505502835572,33.210216355777945,28.375014099019616,28.44832147951506,165.75897477126034,0,0,0,0,0,0,0,0,0,0,0,0,0,0,0,0,0,0
2018,12,29.491792839507124,27.92786848246324,-457452138.0229402,-4.2827430815386345,-3.365456570005981,0.1711551947280382,0.1640449832671154,-0.1242312575585743,0.4771512612788635,0.0202169869778424,5.446851037715596,0.23707563606895762,-0.6013825188374378,-2.4492935982947064e-16,1.0,33.583806602725026,32.98505502835572,28.6576564107335,28.375014099019616,152.11893942488956,0,0,0,0,0,0,0,0,0,0,0,0,0,0,0,0,0,0
2019,1,25.49908578137329,27.83059723773916,-457452137.9878608,-4.260784130124651,-3.539232735626796,0.5426898838887955,-0.5014792629357042,-0.1171535931130837,0.4089646536923019,0.02158899702264,5.538993569273611,0.7389139065072273,-0.5261182468053855,0.49999999999999994,0.8660254037844387,29.491792839507124,33.583806602725026,27.92786848246324,28.6576564107335,154.15349912888112,0,0,0,0,0,0,0,0,0,0,0,0,0,0,0,0,0,0
2019,2,22.8592941181497,27.806511226003504,-457452137.901709,-3.8551932864287903,-4.646546630817052,0.8051668691301817,-0.3422256669911899,-0.1095885236764095,0.4980422251323271,0.0731775859403892,6.037624604766589,0.874878331136658,-0.6076307488087366,0.8660254037844386,0.5000000000000001,25.49908578137329,29.491792839507124,27.83059723773916,27.92786848246324,167.88527635083713,0,0,0,0,0,0,0,0,0,1,0,0,0,0,0,0,0,0
2019,3,20.088460831287016,27.4836858000838,-457452137.8623798,-3.346482923044961,-4.75771380987393,0.4838802243673032,0.037697926419036,-0.1207824256381339,0.4195128446499978,0.0352874056122006,5.816767886970964,0.4853464795278181,-0.5402952702881316,1.0,6.123233995736766e-17,22.8592941181497,25.49908578137329,27.806511226003504,27.83059723773916,159.86622097752735,0,0,1,0,0,0,0,0,0,0,0,0,0,0,0,0,0,0
2019,4,18.148548229088824,28.03691443742868,-457452137.84260106,-3.7186194883119423,-3.845286623966059,0.8659555310937198,-0.3894031376804451,-0.1055478714626921,0.5206184838650495,0.0356430979170037,5.349239209392834,0.9494807978401575,-0.6261663553277416,0.8660254037844387,-0.4999999999999998,20.088460831287016,22.8592941181497,27.4836858000838,27.806511226003504,149.9761620190855,0,0,1,0,0,0,0,0,0,0,0,0,0,0,0,0,0,0
2019,5,21.564527081479007,28.22533823387878,-457452137.9165256,-4.484072131870766,-1.8969520433590965,-0.0592248144722174,-0.2463269372958512,-0.1139059008358145,0.5576847347282095,0.0455228139662883,4.868811963777641,0.25334667688134926,-0.671590635564024,0.49999999999999994,-0.8660254037844387,18.148548229088824,20.088460831287016,28.03691443742868,27.4836858000838,137.42386447477946,0,0,0,0,0,0,0,0,0,0,0,0,0,0,0,0,0,0
2019,6,27.51207393288015,28.77438076709886,-457452137.98483765,-4.949356812168155,-0.6031129614053261,0.2182958997327132,-0.381938253218929,-0.1282672822122743,0.2204233654857388,0.0081808327217779,4.9859681204727355,0.43992036678476426,-0.34869064769801306,1.2246467991473532e-16,-1.0,21.564527081479007,18.148548229088824,28.22533823387878,28.03691443742868,143.46814519109873,0,0,0,0,0,0,0,0,0,0,0,0,0,0,0,0,0,0
2019,7,29.743727393484708,28.59753115359932,-457452137.994058,-4.929421732058892,-0.2527533355527199,-0.0393241350220082,-0.3872480899452755,-0.1347890897218645,0.1512226917334562,0.002804897240633,4.935897371413583,0.3892396058490108,-0.2860117814553207,-0.4999999999999997,-0.8660254037844388,27.51207393288015,21.564527081479007,28.77438076709886,28.22533823387878,141.15447884996894,0,0,0,0,0,0,0,0,0,0,0,0,0,0,0,0,0,0
2019,8,32.344574618237026,28.38128891277515,-457452137.9701999,-5.744595177427551,-0.6789214540343214,0.3235689097782597,0.4481918237223807,-0.1493512748922469,0.0475128670415934,0.0004579781075201,5.784575014058678,0.5527863513390007,-0.1968641419338403,-0.8660254037844385,-0.5000000000000004,29.743727393484708,27.51207393288015,28.59753115359932,28.77438076709886,164.17369471161973,0,0,0,0,0,0,0,0,0,0,0,0,0,0,0,0,0,0
2019,9,32.17304139245458,28.287008181838647,-457452137.9370052,-5.616579457676623,-1.433474994038601,0.2654264234006405,-0.2709397460596683,-0.1364201005305764,0.0179086493317192,9.852753588433804e-05,5.796621029783558,0.379288191530047,-0.1543287498622956,-1.0,-1.8369701987210297e-16,32.344574618237026,29.743727393484708,28.38128891277515,28.59753115359932,163.96906649650546,0,0,0,0,0,0,0,0,0,0,0,0,0,0,0,0,0,0
2019,10,31.204877961266813,28.625571630640064,-457452137.94570833,-5.033921102271277,-2.1104112795647785,0.1650390337277768,-0.0763415105722026,-0.140003208004864,0.0197476381380882,4.863174709342639e-05,5.458406125674996,0.18184033900717403,-0.15975084614295218,-0.8660254037844386,0.5000000000000001,32.17304139245458,32.344574618237026,28.287008181838647,28.38128891277515,156.2499955396341,0,0,0,0,0,0,0,0,0,0,0,0,0,0,0,0,0,0
2019,11,31.30777654626912,28.79885672809025,-457452138.032572,-4.826401191702961,-2.182512630548703,0.3465884666530842,0.1369191201555217,-0.1260305791211551,0.0368225503955367,0.0003541573970275,5.296934004287421,0.372653204308105,-0.16285312951669179,-0.5000000000000004,0.8660254037844384,31.204877961266813,32.17304139245458,28.625571630640064,28.287008181838647,152.54564348762284,0,0,0,0,0,0,0,0,0,0,0,0,0,0,0,0,0,0
2019,12,30.70148546534365,28.617229509238435,-457452137.9945201,-5.422812470317592,-3.335345982623524,0.1513955217599868,-0.1273812263086438,-0.1364197941750464,0.2241685630301752,0.0052704218576645,6.366429761808016,0.19785494895218708,-0.36058835720522164,-2.4492935982947064e-16,1.0,31.30777654626912,31.204877961266813,28.79885672809025,28.625571630640064,182.18958164810618,0,0,0,0,0,0,0,0,0,0,0,0,0,0,0,0,0,0
2020,1,25.836681156087508,28.293073964374702,-457452137.92019343,-3.640785199562474,-4.065119484825247,0.865453668893912,-0.5132827626971098,-0.1258466689235712,0.4101489591880663,0.0246982800184622,5.457152489646871,1.0062153087107701,-0.5359956281116375,0.49999999999999994,0.8660254037844387,30.70148546534365,31.30777654626912,28.617229509238435,28.79885672809025,154.3996190244505,0,0,0,0,0,0,0,0,0,0,0,1,0,0,0,0,0,0
2020,2,21.25671846290719,27.909626365561145,-457452137.92110384,-3.1099781835749303,-4.502905934696367,1.2009100608155132,-0.3255491170287132,-0.1153290803439518,0.4053946952142659,0.0449374836577466,5.472488114106397,1.2442536725949795,-0.5207237755582177,0.8660254037844386,0.5000000000000001,25.836681156087508,30.70148546534365,28.293073964374702,28.617229509238435,152.73509855468387,0,0,0,0,0,1,0,0,0,0,0,1,0,0,0,0,0,0
2020,3,23.82486267394948,28.191958116758883,-457452137.9674709,-2.317537391855872,-4.0699058520723375,0.3852636836215919,-0.174183086867918,-0.113675310039485,0.4989041717800163,0.0471355336657642,4.683493696737808,0.42280947679600883,-0.6125794818195013,1.0,6.123233995736766e-17,21.25671846290719,25.836681156087508,27.909626365561145,28.293073964374702,132.03685813853653,0,0,0,1,0,0,0,0,0,0,0,0,0,0,0,0,0,0
2020,4,19.606033162156795,28.68444086526302,-457452137.9585898,-2.3914632102441504,-2.4160719014836487,0.4149288609708268,-0.4312270558236734,-0.0978116968856055,0.6382749207626431,0.0513558698123728,3.39948521383607,0.5984335663554488,-0.7360866176482487,0.8660254037844387,-0.4999999999999998,23.82486267394948,21.25671846290719,28.191958116758883,27.909626365561145,97.51233258861677,0,0,0,0,0,0,0,0,0,0,1,0,0,0,0,0,0,1
2020,5,25.663529433130023,28.828772618654003,-457452137.9692081,-4.153685005811544,-1.4493771522531849,-0.1382046237014807,-0.3624060850877028,-0.1181414985930073,0.3851886275251942,0.0264192840756749,4.399294631753731,0.3878642655892176,-0.5033301261182015,0.49999999999999994,-0.8660254037844387,19.606033162156795,23.82486267394948,28.68444086526302,28.191958116758883,126.82626462129352,0,0,0,0,0,0,0,0,0,0,0,0,0,0,0,0,0,0
2020,6,28.98565996077152,28.815814259762497,-457452137.9933107,-4.5896056012289055,-0.1458246776904392,-0.0599356432221204,-0.3147774761292471,-0.1283068824890097,0.2863034129848142,0.0131918551653799,4.591921646920302,0.3204327399108088,-0.4146102954738239,1.2246467991473532e-16,-1.0,25.663529433130023,19.606033162156795,28.828772618654003,28.68444086526302,132.31996127303813,0,0,0,0,0,0,0,0,0,0,0,0,0,0,0,0,0,0
2020,7,31.006018751464563,29.022095350064912,-457452137.99520993,-4.844229809278567,-0.0663402770789196,0.5639385351989891,0.0853538912209406,-0.1421242206186585,0.0724592039571005,0.0007462699032394,4.844684043099814,0.570361252390919,-0.21458342457575902,-0.4999999999999997,-0.8660254037844388,28.98565996077152,25.663529433130023,28.815814259762497,28.828772618654003,140.6028822397808,0,0,0,0,0,0,0,0,0,0,0,0,0,0,0,0,0,0
2020,8,32.354646964499814,29.06151144719877,-457452137.9465327,-5.627265831598868,-0.4949831922618485,0.099970385645117,0.0799907357045283,-0.1523014954208622,0.0347419603336492,0.0001987254125832,5.648993636047206,0.12803357295875606,-0.1870434557545114,-0.8660254037844385,-0.5000000000000004,31.006018751464563,28.98565996077152,29.022095350064912,28.815814259762497,164.1682932191389,0,0,0,0,0,0,0,0,0,0,0,0,0,0,0,0,0,0
2020,9,33.80994701304072,28.6023431106878,-457452137.9718312,-5.81011772684797,-1.3217155808395535,0.4044433504673121,0.2985784442788815,-0.1457253138165502,0.0190859010233681,6.839368470321746e-05,5.958556878680195,0.502716133742714,-0.1648112148399183,-1.0,-1.8369701987210297e-16,32.354646964499814,31.006018751464563,29.06151144719877,29.022095350064912,170.4286882885599,0,0,0,0,0,0,0,0,0,0,0,0,0,0,0,0,0,0
2020,10,33.287623512010605,28.927774632570163,-457452137.95410633,-4.879029197100351,-2.210374459095255,-0.0811333981946518,0.2337769952137023,-0.1340694276053877,0.0173783274091912,3.253778762365939e-05,5.356368280428292,0.24745567642258545,-0.1514477550145789,-0.8660254037844386,0.5000000000000001,33.80994701304072,32.354646964499814,28.6023431106878,29.06151144719877,154.94781446527702,0,0,0,0,0,0,0,0,0,0,0,0,0,0,0,0,0,0
2020,11,33.198656738646925,29.152182841987663,-457452137.9908091,-5.050683490799729,-1.7610085647134386,0.1882255065818907,0.2748501308550927,-0.1311489031512356,0.1538014835154516,0.0041984242095044,5.348883518009251,0.3331237544202919,-0.28495038666668715,-0.5000000000000004,0.8660254037844384,33.287623512010605,33.80994701304072,28.927774632570163,28.6023431106878,155.9316303174999,0,0,0,0,0,0,0,0,0,0,0,0,0,0,0,0,0,0
2020,12,32.589229366029336,28.915881797848392,-457452138.0101359,-5.110849248587027,-2.1918022357500515,0.0738891527622139,0.1129621672527199,-0.1382538454507935,0.1072567934115257,0.0019137817021657,5.561005042474022,0.13498169552331624,-0.24551063886231922,-2.4492935982947064e-16,1.0,33.198656738646925,33.287623512010605,29.152182841987663,28.927774632570163,160.8013644854177,0,0,0,0,0,0,0,0,0,0,0,0,0,0,0,0,0,0
2021,1,30.869498055600666,28.8002653302093,-457452137.9733666,-4.9136783574107135,-2.7880550843371443,0.5890645341073372,-0.166781826001801,-0.1296893005981247,0.2825619962793836,0.0104225881000947,5.649556279335984,0.6122198974450187,-0.4122512968775083,0.49999999999999994,0.8660254037844387,32.589229366029336,33.198656738646925,28.915881797848392,29.152182841987663,162.70871984282638,0,0,0,0,0,0,0,0,0,0,0,0,0,0,0,0,0,0
2021,2,26.62028005675746,28.05707869979848,-457452137.933491,-4.419784662462551,-3.8374574801625583,0.3007262264192104,0.3645338853821158,-0.1121711645429656,0.4635830264119707,0.0288773485894739,5.853253486275371,0.47256874298679524,-0.5757541909549363,0.8660254037844386,0.5000000000000001,30.869498055600666,32.589229366029336,28.8002653302093,28.915881797848392,164.22519371429792,0,0,0,0,0,0,0,0,0,0,0,0,0,0,0,0,0,0
2021,3,21.142079537299765,28.155275425271107,-457452137.924087,-3.615302499670249,-3.110952043498056,0.211774438560482,-0.3592907163122343,-0.1147121329014823,0.4941923152765578,0.0454906260473488,4.769531924735034,0.41705902658468597,-0.6089044481780401,1.0,6.123233995736766e-17,26.62028005675746,30.869498055600666,28.05707869979848,28.8002653302093,134.2874849905383,0,0,0,0,0,0,0,0,0,0,0,0,0,0,0,0,0,0
2021,4,22.555104288306744,28.46781667138701,-457452137.9631802,-4.052375114704731,-2.2224017921284105,-0.109590105600655,-0.3691209543403238,-0.1127633661825276,0.5243899554190552,0.0331275985085752,4.6217760434635675,0.38504580270232025,-0.6371533216015828,0.8660254037844387,-0.4999999999999998,21.142079537299765,26.62028005675746,28.155275425271107,28.05707869979848,131.57187310152923,0,0,0,0,0,0,0,0,0,0,0,0,0,0,0,0,0,0
2021,5,22.881476615894943,28.73307162823725,-457452138.0178219,-3.536407571396179,-1.413435714661017,0.0296874225342934,-0.2868060833630217,-0.113354140837517,0.464382453783024,0.0271048517622185,3.8084089893953776,0.2883384686627267,-0.577736594620541,0.49999999999999994,-0.8660254037844387,22.555104288306744,21.142079537299765,28.46781667138701,28.155275425271107,109.42728828192003,0,0,0,0,0,0,0,0,0,0,0,0,0,0,0,0,0,0
2021,6,28.163467328397623,28.853610733276657,-457452138.0250161,-3.885594831063197,-1.1782633621664442,-0.1008030624713662,-0.0855530610438003,-0.1218830666245793,0.223500742714786,0.0098006118684125,4.060314241756272,0.13221415830980573,-0.3453838093393653,1.2246467991473532e-16,-1.0,22.881476615894943,22.555104288306744,28.73307162823725,28.46781667138701,117.15472658641484,0,0,0,0,0,0,0,0,0,0,0,0,0,0,0,0,0,0
2021,7,29.13538401578204,28.83643933684493,-457452138.0081561,-4.746551118658845,-0.610714597054399,0.6354657876510899,0.0033181005508288,-0.1370664656206348,0.2185255310239171,0.0070559766870983,4.785678618659724,0.6354744503646748,-0.3555919966445519,-0.4999999999999997,-0.8660254037844388,28.163467328397623,22.881476615894943,28.853610733276657,28.73307162823725,138.00193117261696,0,0,0,0,0,0,0,0,0,0,0,0,0,0,0,0,0,0
2021,8,31.44167819000288,28.63783202118488,-457452138.00132257,-5.138523443387105,-0.8436843756167494,-0.5531712167675754,-0.0228816542876302,-0.1458915833758532,0.1112855313092293,0.0029892780371671,5.207324313301284,0.5536442586743391,-0.25717711468508253,-0.8660254037844385,-0.5000000000000004,29.13538401578204,28.163467328397623,28.83643933684493,28.853610733276657,149.1264789641541,0,0,0,0,0,0,0,0,0,0,0,0,0,0,0,0,0,0
2021,9,30.6934185608294,28.86954502779229,-457452137.9847472,-4.670765067522343,-1.8745173338425936,-0.0099985313882873,0.4168738177395426,-0.1378250285189532,0.0350270468807784,0.0003656692053439,5.032878058413828,0.41699370564393884,-0.1728520753997316,-1.0,-1.8369701987210297e-16,31.44167819000288,29.13538401578204,28.63783202118488,28.83643933684493,145.29689972676584,0,0,0,0,0,0,0,0,0,0,0,0,0,0,0,0,0,0
2021,10,32.280010294133874,29.15351439179248,-457452138.03086025,-4.482209773282327,-2.267759703496504,-0.5623197367350603,0.5115995407425638,-0.1421333534213212,0.0444032341770871,0.0002499811748075,5.023239843418803,0.7602220573028577,-0.1865365875984083,-0.8660254037844386,0.5000000000000001,30.6934185608294,31.44167819000288,28.86954502779229,28.63783202118488,146.44509506853547,0,0,0,0,0,0,0,0,0,0,0,0,0,0,0,0,0,0
2021,11,30.80292301917424,29.35912754890056,-457452137.9931626,-4.49873977158902,-2.5083973099141432,0.0671178408601793,0.170040230662243,-0.1374104850479131,0.1215714674729567,0.0028781213703945,5.150797666076715,0.18280723346027958,-0.2589819525208698,-0.5000000000000004,0.8660254037844384,32.280010294133874,30.6934185608294,29.15351439179248,28.86954502779229,151.2229256569256,0,0,0,0,0,0,0,0,0,0,0,0,0,0,0,0,0,0
2021,12,30.707925073617755,28.97174407947819,-457452137.9921575,-5.170096293179946,-2.622479932018991,-0.1085959396623909,0.1787579121874339,-0.1346313221787912,0.2623609283266688,0.0071654855852296,5.797180062288505,0.20915895696997527,-0.39699225050546,-2.4492935982947064e-16,1.0,30.80292301917424,32.280010294133874,29.35912754890056,29.15351439179248,167.954417147276,0,0,0,0,0,0,0,0,0,0,0,0,0,0,0,0,0,0
2022,1,25.44291607597301,28.18838103867506,-457452137.9363372,-3.718072550360268,-2.45985100942956,0.0649324661246142,-0.0889048871512596,-0.1145278901390775,0.625338317374506,0.0427114441549989,4.458130827862068,0.11009225275378089,-0.7398662075135835,0.49999999999999994,0.8660254037844387,30.707925073617755,30.80292301917424,28.97174407947819,29.35912754890056,125.66749049603987,0,0,0,0,0,0,0,0,0,0,0,0,0,0,0,0,0,0
2022,2,26.030542721660165,28.337259840513973,-457452137.9719354,-4.685641077143201,-2.967717231201702,-0.0309549793601036,-0.1738380859892528,-0.1121922656452867,0.2648786736663276,0.0156184992141272,5.546402245436513,0.17657262213489183,-0.3770709393116143,0.8660254037844386,0.5000000000000001,25.44291607597301,30.707925073617755,28.18838103867506,28.97174407947819,157.16984160894464,0,0,0,0,0,0,0,0,0,0,0,0,0,0,0,0,0,0
2022,3,23.09701582613725,28.32452092396957,-457452137.9365682,-3.369174633241264,-2.8608244455601337,-0.1313375203829744,0.3527663076613638,-0.1060366065588576,0.9329383161646376,0.0857843026606994,4.41991563466893,0.37642211954318017,-1.0389749227234952,1.0,6.123233995736766e-17,26.030542721660165,25.44291607597301,28.337259840513973,28.18838103867506,125.19199287636036,0,0,0,0,0,0,0,0,0,1,0,0,1,0,0,0,0,0
2022,4,20.9720332506557,28.293635585536663,-457452137.9507247,-3.594142704673067,-2.432697591256108,0.5387590607984903,-0.1964435439279422,-0.1023249103296437,0.5797106274486293,0.0428472891361755,4.340032183297481,0.5734556578702845,-0.6820355377782731,0.8660254037844387,-0.4999999999999998,23.09701582613725,26.030542721660165,28.32452092396957,28.337259840513973,122.79528902371999,0,0,0,0,0,0,0,0,0,0,0,0,0,0,0,0,0,0
2022,5,22.47316514565163,28.883706705515458,-457452137.9362346,-3.312834760493781,-1.3422491098120368,-0.1841314314653919,-0.1099423994947712,-0.1065366563756437,0.7081629059018468,0.0446593380538669,3.5744239848018995,0.2144567911262364,-0.8146995622774905,0.49999999999999994,-0.8660254037844387,20.9720332506557,23.09701582613725,28.293635585536663,28.32452092396957,103.2426140181779,0,0,0,0,0,0,0,0,0,0,1,0,0,0,0,0,0,0
2022,6,27.74467610646198,29.01145528103061,-457452138.0476737,-4.14348923895486,-0.4201616410099896,-0.5571507301343523,-0.0346710029449583,-0.1296969392948601,0.1724292822843472,0.0095292379164836,4.164737552104686,0.5582284608782064,-0.3021262215792073,1.2246467991473532e-16,-1.0,22.47316514565163,20.9720332506557,28.883706705515458,28.293635585536663,120.825097250114,0,0,0,0,0,0,0,0,0,0,0,0,0,0,0,0,0,0
2022,7,31.017395386704028,28.68192398670059,-457452138.0185068,-4.827127958895892,-0.4997567525457249,0.0174554670646564,0.1615521715564736,-0.1389287708426368,0.1236554885051659,0.0022095956745937,4.852929130254168,0.16249245356341194,-0.2625842593478027,-0.4999999999999997,-0.8660254037844388,27.74467610646198,22.47316514565163,29.01145528103061,28.883706705515458,139.19134442679504,0,0,0,0,0,0,0,0,0,0,0,0,0,0,0,0,0,0
2022,8,32.46387924029975,28.81076936223258,-457452137.9712284,-5.380260585680516,-0.7618532765811011,0.00819691877243,0.1980065821488905,-0.1488834662947076,0.0494756303595367,0.0006556539140509,5.433932681296724,0.19817617427846146,-0.1983590966542443,-0.8660254037844385,-0.5000000000000004,31.017395386704028,27.74467610646198,28.68192398670059,29.01145528103061,156.555781210738,0,0,0,0,0,0,0,0,0,0,0,0,0,0,0,0,0,0
2022,9,32.947278316605185,28.68298733965449,-457452137.9300937,-5.757223384796515,-1.4004054167252806,0.0755660610123321,0.4336681706911843,-0.1489972457642386,0.0201355070757442,5.01102244360207e-05,5.925095478862881,0.44020258046444666,-0.1691327528399828,-1.0,-1.8369701987210297e-16,32.46387924029975,31.017395386704028,28.81076936223258,28.68192398670059,169.94943860646805,0,0,0,0,0,0,0,0,0,0,0,0,0,0,0,0,0,0
2022,10,33.092811584073694,28.813749355962496,-457452137.9540065,-5.666227874318524,-1.6074475969942892,0.167110829230617,0.2282001483682132,-0.1425562496765478,0.0223608073398206,4.110957038473095e-05,5.889823944804033,0.2828450759009585,-0.1649170570163684,-0.8660254037844386,0.5000000000000001,32.947278316605185,32.46387924029975,28.68298733965449,28.81076936223258,169.7079108963297,0,0,0,0,0,0,0,0,0,0,0,0,0,0,0,0,0,0
2022,11,31.72811548148331,28.8738262776966,-457452137.9752604,-4.224766816613236,-1.6277465857344973,0.5224400692787327,0.1281459951834356,-0.127092950134235,0.1401657465646958,0.0039815620557796,4.527495290127495,0.5379265954287072,-0.26725869669893076,-0.5000000000000004,0.8660254037844384,33.092811584073694,32.947278316605185,28.813749355962496,28.68298733965449,130.72611248023088,0,0,0,0,0,0,0,0,0,0,0,0,0,0,0,0,0,0
2022,12,31.62839429709908,28.69502649881468,-457452138.02182937,-4.811054555622079,-2.367039973742864,-0.2154708317720104,0.0526897641452583,-0.1365369721674002,0.2129213344415969,0.0068843660975349,5.361820975607875,0.2218195000224393,-0.3494583066089971,-2.4492935982947064e-16,1.0,31.72811548148331,33.092811584073694,28.8738262776966,28.813749355962496,153.85759497696836,0,0,0,0,0,0,0,0,0,0,0,0,0,0,0,0,0,0
2023,1,30.29718071446453,28.250748438025457,-457452138.0233082,-4.173993712346229,-3.051084250564406,-0.0319193987146256,0.0895795932128315,-0.127062862353212,0.362184411675267,0.0174271340906267,5.1702358374399155,0.09509653797315447,-0.489247274028479,0.49999999999999994,0.8660254037844387,31.62839429709908,31.72811548148331,28.69502649881468,28.8738262776966,146.06303200877895,0,0,0,0,0,0,0,0,0,0,0,0,0,0,0,0,0,0
2023,2,25.31115769177066,27.924964176652573,-457452138.0015517,-4.007412691969844,-2.8282606250788334,0.578174121029999,-0.5083353469229263,-0.0973084814097049,0.4838462468435073,0.0361961500179132,4.904937782187691,0.769863714666475,-0.5811547282532122,0.8660254037844386,0.5000000000000001,30.29718071446453,31.62839429709908,28.250748438025457,28.69502649881468,136.97021185630098,0,0,0,0,0,0,0,0,0,0,0,0,0,0,0,0,0,0
2023,3,25.3738204524568,28.08093687234213,-457452137.9613379,-3.57125436289776,-3.927267264684982,0.3567673674453113,-0.2729888399273662,-0.1266794903258953,0.3490101063745262,0.0355225173679329,5.3082281311924175,0.44922807258534825,-0.47568959670042144,1.0,6.123233995736766e-17,25.31115769177066,30.29718071446453,27.924964176652573,28.250748438025457,149.0600190560049,0,0,0,0,0,0,0,0,0,0,0,0,0,0,0,0,0,0
2023,4,20.42095339464778,28.58342564316192,-457452137.9217124,-3.064238019419845,-2.7923214560782417,0.4365601053403224,-0.2688859407324344,-0.1174542614253315,0.367009992430196,0.0277187415128628,4.14567410124493,0.5127225123771333,-0.4844642538555275,0.8660254037844387,-0.4999999999999998,25.3738204524568,25.31115769177066,28.08093687234213,27.924964176652573,118.49756741371658,0,0,0,0,0,0,0,0,0,0,0,0,0,0,0,0,0,0
2023,5,22.932955538895666,29.090155212067224,-457452137.94764656,-4.19785130359012,-1.4805981569741604,-0.2447829551118261,-0.2362340987139546,-0.1245720938906162,0.2857444018301879,0.0162772906602487,4.451306153196896,0.34018413324032726,-0.4103164957208041,0.49999999999999994,-0.8660254037844387,20.42095339464778,25.3738204524568,28.58342564316192,28.08093687234213,129.4891868929276,0,0,0,0,0,0,0,0,0,0,0,0,0,0,0,0,0,0
2023,6,30.10042456669553,29.15286873940823,-457452137.98266965,-4.613115306436663,-0.206486933479587,-0.3152013319411448,-0.2685092673237834,-0.1360991215829313,0.1115081155088526,0.0026206293049648,4.617734258722348,0.41406413307146844,-0.2476072370917839,1.2246467991473532e-16,-1.0,22.932955538895666,20.42095339464778,29.090155212067224,28.58342564316192,134.62020071800117,0,0,0,0,0,0,0,0,0,0,0,0,0,0,0,0,0,0
2023,7,31.79826603467048,28.83419600562955,-457452137.9877083,-5.361813646978175,-0.4859301517421335,-0.0117307663022074,0.2997534667487013,-0.1450904428562116,0.0654348903859155,0.0002921403512446,5.383788043496282,0.29998291902357005,-0.21052533324212708,-0.4999999999999997,-0.8660254037844388,30.10042456669553,22.932955538895666,29.15286873940823,29.090155212067224,155.23719969893662,0,0,0,0,0,0,0,0,0,0,0,0,0,0,0,0,0,0
2023,8,32.4880990152717,29.0088571369613,-457452137.97932136,-5.256028569308964,-0.9245949190925564,0.3654714149005454,-0.0888312308695809,-0.1391620867880138,0.0265718268219535,7.907032261233358e-05,5.336732341592915,0.37611214110582947,-0.1657339136099673,-0.8660254037844385,-0.5000000000000004,31.79826603467048,30.10042456669553,28.83419600562955,29.15286873940823,154.81250607546983,0,0,0,0,0,0,0,0,0,0,0,0,0,0,0,0,0,0
2023,9,32.839299393286446,28.901827078352785,-457452137.9838464,-5.623736440077336,-1.3386088985090072,0.4079743622309145,0.1160818279556491,-0.139338867022441,0.0142116659491725,2.69173165044841e-05,5.780855069158991,0.42416750349271964,-0.1535505329716135,-1.0,-1.8369701987210297e-16,32.4880990152717,31.79826603467048,29.0088571369613,28.83419600562955,167.0772735738523,0,0,0,0,0,0,0,0,0,0,0,0,0,0,0,0,0,0
2023,10,35.55139026557083,29.099288276379216,-457452137.9507976,-5.376399220094173,-1.695957236058084,0.1469356914789512,0.2343957379872471,-0.1441678377694984,0.0151115282047429,3.691114617522651e-05,5.637547296508209,0.2766431987542505,-0.1592793659742413,-0.8660254037844386,0.5000000000000001,32.839299393286446,32.4880990152717,28.901827078352785,29.0088571369613,164.04861395281466,0,0,0,0,0,0,0,0,0,0,0,0,0,0,0,0,0,0
2023,11,35.407829909228255,29.22826056464617,-457452138.00928295,-5.178660386412807,-2.3403778802713697,-0.0239215929083198,-0.1431330921682151,-0.1311343341801293,0.0349376610750277,4.299998988766641e-05,5.682947476465427,0.14511831270003842,-0.16607199525515698,-0.5000000000000004,0.8660254037844384,35.55139026557083,32.839299393286446,29.099288276379216,28.901827078352785,166.1026696173299,0,0,0,0,0,0,0,0,0,0,0,0,0,0,0,0,0,0
2023,12,33.86519867708979,29.166750278593405,-457452137.9996033,-4.882424845321644,-2.5031939822541185,-0.023016179715429,0.0050603333209832,-0.1341971706753299,0.1270191260343472,0.0011727598291882,5.486716001672341,0.02356589701268293,-0.2612162967096771,-2.4492935982947064e-16,1.0,35.407829909228255,35.55139026557083,29.22826056464617,29.099288276379216,160.02967547033964,0,0,0,0,0,0,0,0,0,0,0,0,0,0,0,0,0,0
2024,1,28.68487363465924,28.839953604756445,-457452137.9539845,-4.440560170708324,-3.3619274089674978,0.4707915038663381,-0.196723493113034,-0.1332663163410488,0.2991324768969294,0.0100149910830887,5.5696616174457185,0.5102399169560553,-0.4323987932379782,0.49999999999999994,0.8660254037844387,33.86519867708979,35.407829909228255,29.166750278593405,29.22826056464617,160.62878264132726,0,0,0,0,0,0,0,0,0,0,0,0,0,0,0,0,0,0
2024,2,27.44696133396566,28.732138780863565,-457452137.90864927,-3.962826553357424,-3.6931700554825135,0.3303869431099248,0.0432004106511908,-0.1274332794520629,0.300591406737559,0.0158427876128247,5.416964034466852,0.3331993512267876,-0.4280246861896219,0.8660254037844386,0.5000000000000001,28.68487363465924,33.86519867708979,28.839953604756445,29.166750278593405,155.64096240924817,0,0,0,0,0,0,0,0,0,0,0,0,0,0,0,0,0,0
2024,3,22.326192819340044,28.9045193601371,-457452137.9050053,-3.5013716277286147,-3.3219987868204623,0.5581731517510168,-0.1916925616337564,-0.1199672883211155,0.5479884740163589,0.0474885511680467,4.826518332618199,0.5901722676654463,-0.6679557623374743,1.0,6.123233995736766e-17,27.44696133396566,28.68487363465924,28.732138780863565,28.839953604756445,139.50819258721936,0,0,0,0,0,0,0,0,0,0,0,0,0,0,0,0,0,0
2024,4,21.25141810373161,29.36929581790404,-457452137.9032947,-3.253315054894199,-2.654584494039152,-0.0819719706325688,-0.247257552213139,-0.109672461520638,0.6469924069015232,0.0597896237345136,4.198913869370786,0.260491268751603,-0.7566648684221612,0.8660254037844387,-0.4999999999999998,22.326192819340044,27.44696133396566,28.9045193601371,28.732138780863565,123.31914354345069,0,0,0,0,0,0,0,0,0,0,0,0,0,0,0,0,0,0
2024,5,25.992374225522312,29.682586960611943,-457452137.969491,-3.8291181615118446,0.3449067504437276,-0.0169263681022041,-0.0922617644040345,-0.1274112222286371,0.467706206282215,0.0383613518709261,3.844620470387357,0.09380157305758192,-0.595117428510852,0.49999999999999994,-0.8660254037844387,21.25141810373161,22.326192819340044,29.36929581790404,28.9045193601371,114.11828144282151,0,0,0,0,0,0,0,0,0,0,0,0,0,0,0,0,0,0
2024,6,31.53997816765376,29.4366756240903,-457452137.9808386,-5.0678590201061855,0.1075111996828848,0.4600855359807611,0.1284637075183647,-0.140069315331222,0.1621400957276835,0.0089121711324657,5.06899928050191,0.4776836029926798,-0.30220941105890553,1.2246467991473532e-16,-1.0,25.992374225522312,21.25141810373161,29.682586960611943,29.36929581790404,149.21448755888184,0,0,0,0,0,0,0,0,0,0,0,0,0,0,0,0,0,0
2024,7,32.064501579529974,29.10557549708236,-457452137.9802586,-5.245785919519571,0.2508472979878841,0.1274379653047647,-0.0393366868106218,-0.155483212851032,0.0619001670701969,0.0006045730861686,5.2517801058629265,0.13337094859921841,-0.21738337992122891,-0.4999999999999997,-0.8660254037844388,31.53997816765376,25.992374225522312,29.4366756240903,29.682586960611943,152.8560823652686,0,0,0,0,0,0,0,0,0,0,0,0,0,0,0,0,0,0
2024,8,32.49685127878769,28.994144823394365,-457452137.96386594,-5.305053791350867,-0.6687532565473805,-0.077429242915462,0.2318963196045347,-0.1479627943691417,0.0229912707086145,7.592150445520526e-05,5.347039054212053,0.24448147313158541,-0.1709540650777562,-0.8660254037844385,-0.5000000000000004,32.064501579529974,31.53997816765376,29.10557549708236,29.4366756240903,155.0328247141699,0,0,0,0,0,0,0,0,0,0,0,0,0,0,0,0,0,0
2024,9,34.268866198521245,28.6996964738964,-457452137.9708203,-6.176162592405398,-1.0869435167998165,0.1341192055305537,0.1443345467201792,-0.1427073981723136,0.0075442974384014,1.72677124745747e-05,6.2710789005195045,0.19702898941289454,-0.150251695610715,-1.0,-1.8369701987210297e-16,32.49685127878769,32.064501579529974,28.994144823394365,29.10557549708236,179.97806100876574,0,0,0,0,0,0,0,0,0,0,0,0,0,0,0,0,0,0
2024,10,35.99863844909567,28.89512497449101,-457452137.95940864,-5.388765732212179,-1.8137400469876352,-0.1868284621804549,0.1830533839057426,-0.1417967954639499,0.0105303476548053,1.994251499514608e-05,5.685811206390076,0.2615595833458542,-0.1523271431187552,-0.8660254037844386,0.5000000000000001,34.268866198521245,32.49685127878769,28.6996964738964,28.994144823394365,164.29222539000276,0,0,0,0,0,0,0,0,0,0,0,0,0,0,0,0,0,0
2024,11,35.88067068629165,28.850386374374366,-457452137.988574,-5.437732054284338,-1.926515545806236,-0.0702295936644077,0.3358085838661186,-0.1252010041440027,0.0172783778263972,2.082282974875185e-05,5.768916019706342,0.3430737542051794,-0.14247938197039992,-0.5000000000000004,0.8660254037844384,35.99863844909567,34.268866198521245,28.89512497449101,28.6996964738964,166.43545612984587,0,0,0,0,0,0,0,0,0,0,0,0,0,0,0,0,0,0
2024,12,34.33428367873675,28.77020717331292,-457452137.9910447,-5.107802547470352,-2.858698170389649,-0.0299488912540964,0.2403494515796987,-0.1314527303333113,0.2110558346178405,0.0028720720279851,5.85335818939297,0.2422081645238484,-0.3425085649511518,-2.4492935982947064e-16,1.0,35.88067068629165,35.99863844909567,28.850386374374366,28.89512497449101,168.40232776844354,0,0,0,0,0,0,0,0,0,0,0,0,0,0,0,0,0,0
